{
    "ntest": 2000000,
    "log_r_test": 375.55809831246734,
    "quality": {
        "mean": 0.00018777904915623367,
        "sdev": 1.3880417100153863e-05
    },
    "tag": {
        "datapath": "/home/tombs/truth_ktdurham200_cut/liv_3j_4j_p4",
        "with_flav": false,
        "with_hel": true
    }
}