{
    "ntest": 2000000,
    "log_r_test": -7.414450465148548,
    "quality": {
        "mean": -3.707225232574274e-06,
        "sdev": 2.640501861606026e-06
    },
    "tag": {
        "datapath": "/r04/atlas/symmetries/data/truth_ktdurham200_cut/liv_3j_4j_p06",
        "with_flav": true,
        "with_hel": false
    }
}