{
    "ntrain": 18000000,
    "nval": 6000000,
    "log_r_val": 74.05598626064602,
    "best_quality": {
        "mean": 1.2342664376774337e-05,
        "sdev": 2.6170553155679954e-06
    },
    "zeta_func": "zeta_20_20_10",
    "batch_size": 10000,
    "nsteps_max": 100000,
    "nsteps_round": 1000,
    "early_stopping_rounds": 10,
    "learning_rate": 0.001,
    "seed": 123,
    "nsteps_performed": 35000,
    "prescale": {
        "loc": [
            474.470458984375,
            1081.9676513671875,
            -284.3528137207031,
            0.0,
            752.213623046875,
            -202.12513732910156,
            0.0,
            655.0235595703125,
            76.3036117553711,
            0.0,
            606.0325927734375,
            0.0013305320171639323,
            -0.0016756700351834297
        ],
        "scale": [
            0.005856099538505077,
            0.0015635545132681727,
            0.007710300851613283,
            0.0073243542574346066,
            0.0012748392764478922,
            0.007757332641631365,
            0.007487005088478327,
            0.0014584887539967895,
            0.004539757035672665,
            0.008143180049955845,
            0.0016020515467971563,
            1.107982873916626,
            2.1669986248016357
        ]
    },
    "tag": {
        "datapath": "/home/tombs/truth_ktdurham200_cut/liv_rot"
    }
}