{
    "ntest": 2000000,
    "log_r_test": -17.667151041678153,
    "quality": {
        "mean": -8.833575520839076e-06,
        "sdev": 3.274702748967684e-06
    },
    "tag": {
        "datapath": "/r04/atlas/symmetries/data/truth_ktdurham200_cut/liv_3j_4j_p07",
        "with_flav": true,
        "with_hel": true
    }
}