{
    "ntest": 2000000,
    "log_r_test": 2.0720310658361996,
    "quality": {
        "mean": 1.0360155329180998e-06,
        "sdev": 5.265724212222267e-06
    },
    "tag": {
        "datapath": "/r04/atlas/symmetries/data/truth_ktdurham200_cut/liv_3j_4j_p09",
        "with_flav": true,
        "with_hel": true
    }
}