{
    "ntest": 2000000,
    "log_r_test": 95.6056610448286,
    "quality": {
        "mean": 4.78028305224143e-05,
        "sdev": 7.633901986991987e-06
    },
    "tag": {
        "datapath": "/r04/atlas/symmetries/data/truth_ktdurham200_cut/liv_3j_4j_p12",
        "with_flav": true,
        "with_hel": false
    }
}