{
    "ntest": 2000000,
    "log_r_test": 33524.662256240845,
    "quality": {
        "mean": 0.016762331128120422,
        "sdev": 0.00012142794003011659
    },
    "tag": {
        "datapath": "/r04/atlas/symmetries/data/truth_ktdurham200_cut/liv_3j_4j_100",
        "with_flav": true,
        "with_hel": true
    }
}