{
    "ntrain": 6000000,
    "nval": 2000000,
    "log_r_val": 4264.611285179853,
    "best_quality": {
        "mean": 0.0021323056425899267,
        "sdev": 4.399837052915245e-05
    },
    "zeta_func": "zeta_100_100_d_10",
    "batch_size": 10000,
    "nsteps_max": 100000,
    "nsteps_round": 1000,
    "early_stopping_rounds": 10,
    "learning_rate": 0.001,
    "seed": 123,
    "nsteps_performed": 75000,
    "prescale": {
        "loc": [
            635.2835693359375,
            686.3489990234375,
            -459.8858642578125,
            0.0,
            -87.84193420410156,
            -307.73504638671875,
            0.0,
            -74.52935791015625,
            156.4863739013672,
            0.0,
            140.07296752929688
        ],
        "scale": [
            0.0031176626216620207,
            0.0016506004612892866,
            0.003957353066653013,
            0.0069414470344781876,
            0.0013571007875725627,
            0.004354279022663832,
            0.007339182309806347,
            0.0016307691112160683,
            0.0036151648964732885,
            0.007703800685703754,
            0.0018347270088270307
        ]
    },
    "tag": {
        "datapath": "/home/tombs/truth_ktdurham200_cut/liv_3j_4j_1000",
        "with_flav": false,
        "with_hel": false
    }
}