{
    "ntest": 2000000,
    "log_r_test": -23.2677957683336,
    "quality": {
        "mean": -1.16338978841668e-05,
        "sdev": 3.2337777611246565e-06
    },
    "tag": {
        "datapath": "/r04/atlas/symmetries/data/truth_ktdurham200_cut/liv_3j_4j_p01",
        "with_flav": false,
        "with_hel": false
    }
}