{
    "ntrain": 6000000,
    "nval": 2000000,
    "log_r_val": 4117.360338568687,
    "best_quality": {
        "mean": 0.0020586801692843437,
        "sdev": 4.447560422704555e-05
    },
    "zeta_func": "zeta_100_100_d_10",
    "batch_size": 10000,
    "nsteps_max": 100000,
    "nsteps_round": 1000,
    "early_stopping_rounds": 10,
    "learning_rate": 0.001,
    "seed": 123,
    "nsteps_performed": 52000,
    "prescale": {
        "loc": [
            633.249267578125,
            690.3358154296875,
            -455.8517761230469,
            0.0,
            -84.97769927978516,
            -304.54217529296875,
            0.0,
            -73.41325378417969,
            153.27963256835938,
            0.0,
            136.02377319335938
        ],
        "scale": [
            0.0031385309994220734,
            0.0016403659246861935,
            0.003980375360697508,
            0.006896222475916147,
            0.00135402986779809,
            0.0043911137618124485,
            0.007285401690751314,
            0.0016262184362858534,
            0.0036135734990239143,
            0.007662672083824873,
            0.0018238777993246913
        ]
    },
    "tag": {
        "datapath": "/home/tombs/truth_ktdurham200_cut/liv_3j_4j_10",
        "with_flav": false,
        "with_hel": false
    }
}