{
    "ntest": 2000000,
    "log_r_test": 4191.6463524103165,
    "quality": {
        "mean": 0.0020958231762051582,
        "sdev": 4.4471671571955085e-05
    },
    "tag": {
        "datapath": "/home/tombs/truth_ktdurham200_cut/liv_3j_4j_10",
        "with_flav": false,
        "with_hel": false
    }
}