{
    "ntest": 2000000,
    "log_r_test": 692.4979970790446,
    "quality": {
        "mean": 0.0003462489985395223,
        "sdev": 1.560115379106719e-05
    },
    "tag": {
        "datapath": "/r04/atlas/symmetries/data/truth_ktdurham200_cut/liv_3j_4j_p18",
        "with_flav": true,
        "with_hel": true
    }
}