{
    "ntrain": 6000000,
    "nval": 2000000,
    "log_r_val": 34.73217293503694,
    "best_quality": {
        "mean": 1.736608646751847e-05,
        "sdev": 4.501711828197585e-06
    },
    "zeta_func": "zeta_100_100_d_10",
    "batch_size": 10000,
    "nsteps_max": 100000,
    "nsteps_round": 1000,
    "early_stopping_rounds": 10,
    "learning_rate": 0.001,
    "seed": 127,
    "nsteps_performed": 28000,
    "prescale": {
        "loc": [
            449.9780578613281,
            651.6372680664062,
            -271.8568420410156,
            0.0,
            5.278662204742432,
            -176.08587646484375,
            0.0,
            12.4811429977417,
            -33.9908332824707,
            0.0,
            16.141441345214844
        ],
        "scale": [
            0.0061361175030469894,
            0.0015762167749926448,
            0.008058646693825722,
            0.00603777589276433,
            0.0013106877449899912,
            0.013079863041639328,
            0.0060874889604747295,
            0.0015118304872885346,
            0.005327653139829636,
            0.006466605234891176,
            0.001656687818467617
        ]
    },
    "tag": "/home/tombs/truth_ktdurham200/liv_3j_4j_p2"
}