{
    "ntrain": 6000000,
    "nval": 2000000,
    "log_r_val": 0.32181392839447653,
    "best_quality": {
        "mean": 1.6090696419723827e-07,
        "sdev": 3.384776618986507e-07
    },
    "zeta_func": "zeta_100_100_d_10",
    "batch_size": 10000,
    "nsteps_max": 100000,
    "nsteps_round": 1000,
    "early_stopping_rounds": 10,
    "learning_rate": 0.001,
    "seed": 123,
    "nsteps_performed": 18000,
    "prescale": {
        "loc": [
            484.421875,
            650.1975708007812,
            -291.5836181640625,
            0.0,
            -9.712303161621094,
            -190.07200622558594,
            0.0,
            7.4731879234313965,
            -41.894107818603516,
            0.0,
            20.83397102355957,
            12.800338745117188,
            14.544262886047363,
            15.608670234680176,
            16.21548080444336
        ],
        "scale": [
            0.005952080246061087,
            0.0016240490367636085,
            0.0077312723733484745,
            0.005507258698344231,
            0.0013797571882605553,
            0.012253395281732082,
            0.005558227654546499,
            0.0016388938529416919,
            0.004993775859475136,
            0.005947431083768606,
            0.0017997315153479576,
            0.10278119146823883,
            0.10783034563064575,
            0.1097177118062973,
            0.11664967983961105
        ]
    },
    "tag": {
        "datapath": "/home/tombs/truth_ktdurham200_cut/liv_3j_4j_p02",
        "with_flav": true,
        "with_hel": false
    }
}