{
    "ntest": 2000000,
    "log_r_test": -0.13221567485288688,
    "quality": {
        "mean": -6.610783742644344e-08,
        "sdev": 3.298653439287591e-07
    },
    "tag": {
        "datapath": "/home/tombs/truth_ktdurham200_cut/liv_3j_4j_p02",
        "with_flav": true,
        "with_hel": false
    }
}