{
    "ntrain": 5000000,
    "nval": 1000000,
    "log_r_val": 0.0025331376996007293,
    "best_quality": {
        "mean": 2.5331376996007293e-09,
        "sdev": 4.638867956430204e-09
    },
    "zeta_func": "zeta_100_100_d_10",
    "batch_size": 10000,
    "nsteps_max": 100000,
    "nsteps_round": 1000,
    "early_stopping_rounds": 10,
    "learning_rate": 0.001,
    "seed": 155,
    "nsteps_performed": 12000,
    "prescale": {
        "loc": [
            445.0497131347656,
            638.544189453125,
            -268.5628662109375,
            0.0,
            0.7324889898300171,
            -174.0002899169922,
            0.0,
            16.728591918945312,
            -40.076087951660156,
            0.0,
            21.235370635986328
        ],
        "scale": [
            0.006347733549773693,
            0.0015956161078065634,
            0.008276031352579594,
            0.005994596518576145,
            0.001323342090472579,
            0.013713599182665348,
            0.006039282772690058,
            0.0015231710858643055,
            0.005493977572768927,
            0.006444865372031927,
            0.001694096950814128
        ]
    },
    "tag": "/home/tombs/truth_ktdurham200/liv_3j_4j_p08"
}