{
    "ntrain": 6000000,
    "nval": 2000000,
    "log_r_val": 17053.29306423664,
    "best_quality": {
        "mean": 0.00852664653211832,
        "sdev": 8.238116424763575e-05
    },
    "zeta_func": "zeta_100_100_d_10",
    "batch_size": 10000,
    "nsteps_max": 100000,
    "nsteps_round": 1000,
    "early_stopping_rounds": 10,
    "learning_rate": 0.001,
    "seed": 123,
    "nsteps_performed": 57000,
    "prescale": {
        "loc": [
            517.4528198242188,
            710.61376953125,
            -313.326904296875,
            0.0,
            5.349339962005615,
            -204.31610107421875,
            0.0,
            -12.396133422851562,
            -0.2823483347892761,
            0.0,
            13.971390724182129,
            10.37688159942627,
            11.535433769226074,
            12.865568161010742,
            13.10732650756836,
            -0.00015900000289548188,
            0.000111666668090038,
            -0.0005290000117383897,
            -0.0013620698591694236
        ],
        "scale": [
            0.00499360216781497,
            0.0015364644350484014,
            0.006610197015106678,
            0.005733038764446974,
            0.0013140529626980424,
            0.00950068049132824,
            0.005826348438858986,
            0.001574995811097324,
            0.00429706834256649,
            0.006204755045473576,
            0.0016964701935648918,
            0.09871591627597809,
            0.09944271296262741,
            0.10165945440530777,
            0.10052118450403214,
            0.9999899864196777,
            0.9999899864196777,
            0.9999899864196777,
            0.9999896287918091
        ]
    },
    "tag": {
        "datapath": "/home/tombs/truth_ktdurham200_cut/liv_3j_4j_p5",
        "with_flav": true,
        "with_hel": true
    }
}