{
    "ntest": 2000000,
    "log_r_test": 17038.93020749092,
    "quality": {
        "mean": 0.00851946510374546,
        "sdev": 8.230140520026907e-05
    },
    "tag": {
        "datapath": "/home/tombs/truth_ktdurham200_cut/liv_3j_4j_p5",
        "with_flav": true,
        "with_hel": true
    }
}