{
    "ntest": 2000000,
    "log_r_test": 243.31115128006786,
    "quality": {
        "mean": 0.00012165557564003393,
        "sdev": 8.380497092730366e-06
    },
    "tag": {
        "datapath": "/r04/atlas/symmetries/data/truth_ktdurham200_cut/liv_3j_4j_p14",
        "with_flav": true,
        "with_hel": true
    }
}