{
    "ntest": 2000000,
    "log_r_test": 0.05728131569071593,
    "quality": {
        "mean": 2.8640657845357964e-08,
        "sdev": 1.0404813366449162e-07
    },
    "tag": {
        "datapath": "/home/tombs/truth_ktdurham200_cut/sm_3j_4j",
        "with_flav": false,
        "with_hel": true
    }
}