{
    "ntrain": 6000000,
    "nval": 2000000,
    "log_r_val": 1277.0495377480984,
    "best_quality": {
        "mean": 0.0006385247688740492,
        "sdev": 2.636077260831371e-05
    },
    "zeta_func": "zeta_100_100_d_10",
    "batch_size": 10000,
    "nsteps_max": 100000,
    "nsteps_round": 1000,
    "early_stopping_rounds": 10,
    "learning_rate": 0.001,
    "seed": 133,
    "nsteps_performed": 54000,
    "prescale": {
        "loc": [
            494.5329895019531,
            727.9578247070312,
            -303.0179138183594,
            0.0,
            16.127405166625977,
            -195.54644775390625,
            0.0,
            -21.435876846313477,
            15.060303688049316,
            0.0,
            6.700987339019775
        ],
        "scale": [
            0.004842983093112707,
            0.0014786726096644998,
            0.0063910894095897675,
            0.006267307326197624,
            0.001237268908880651,
            0.00894735287874937,
            0.006381116341799498,
            0.0014314093859866261,
            0.004464759957045317,
            0.006790746934711933,
            0.0015561786713078618
        ]
    },
    "tag": "/home/tombs/truth_ktdurham200/liv_3j_4j_p8"
}