{
    "ntest": 2000000,
    "log_r_test": -11.975280358456075,
    "quality": {
        "mean": -5.987640179228038e-06,
        "sdev": 2.8190186185383936e-06
    },
    "tag": {
        "datapath": "/r04/atlas/symmetries/data/truth_ktdurham200_cut/liv_3j_4j_p13",
        "with_flav": false,
        "with_hel": true
    }
}