{
    "ntest": 2000000,
    "log_r_test": 0.5862823968527664,
    "quality": {
        "mean": 2.931411984263832e-07,
        "sdev": 1.2833146456614486e-06
    },
    "tag": {
        "datapath": "/home/tombs/truth_ktdurham200_cut/liv_3j_4j_p16",
        "with_flav": false,
        "with_hel": true
    }
}