{
    "ntest": 2000000,
    "log_r_test": -16.227402738877572,
    "quality": {
        "mean": -8.113701369438786e-06,
        "sdev": 3.331068683110061e-06
    },
    "tag": {
        "datapath": "/r04/atlas/symmetries/data/truth_ktdurham200_cut/liv_3j_4j_p02",
        "with_flav": true,
        "with_hel": true
    }
}