{
 "bins": 24,
 "range": [
  0,
  24
 ],
 "hist_yield": [
  1.3965676277875887e-05,
  1.9856848508119585e-05,
  1.404963895678521e-06,
  3.190029755234714e-06,
  -7.86086112260816e-07,
  -4.946275353431696e-07,
  -1.5144106745719915e-07,
  6.788449585437775e-07,
  -1.6949438154697425e-06,
  -1.9805792272090887e-06,
  9.70285876095295e-06,
  2.1616419240832325e-05,
  2.480967289209366e-05,
  1.6380071803927417e-05,
  7.747202590107917e-06,
  5.796045958995816e-07,
  -1.0898328721523282e-06,
  -6.08324110507966e-08,
  3.423121571540823e-08,
  -7.618494927883146e-07,
  -1.2173706591129306e-06,
  3.8697212934494016e-07,
  8.15945264697075e-06,
  1.2633736059069632e-05
 ],
 "hist_err": [
  5.41985974443861e-06,
  4.875508523671035e-06,
  3.065573608369188e-06,
  1.5485324532723276e-06,
  8.485423392502921e-07,
  6.474742188901906e-07,
  5.444449498066258e-07,
  6.09754288724721e-07,
  8.414458653282795e-07,
  1.503096143935446e-06,
  3.0230302858775814e-06,
  4.771092455173076e-06,
  5.314985515192742e-06,
  4.345053099186523e-06,
  2.415465457178544e-06,
  1.2261493346987325e-06,
  7.004576714309913e-07,
  5.003254154497569e-07,
  4.610918004970592e-07,
  5.250326892040497e-07,
  7.578570502484565e-07,
  1.2930887108500974e-06,
  2.4729763270527245e-06,
  4.473324082290745e-06
 ]
}