{
 "bins": 24,
 "range": [
  0,
  24
 ],
 "hist_yield": [
  1.4275335371494295e-05,
  1.536629143357277e-05,
  3.1654933989048023e-06,
  1.685838788747787e-06,
  -3.415870577096938e-06,
  -1.4123114943504298e-06,
  -2.6976096630096395e-06,
  -8.399353921413412e-07,
  -2.573432117700579e-06,
  1.9339883923530517e-06,
  8.65521755814552e-06,
  1.9063734799623478e-05,
  1.7287685602903347e-05,
  1.8290649443864822e-05,
  1.1806336671113965e-05,
  1.2138088941574058e-06,
  -1.9584211111068733e-06,
  -1.807941526174546e-06,
  -2.2367900311946883e-06,
  -2.3133929669856997e-06,
  -1.0679414868354808e-06,
  -1.8354314267635385e-06,
  4.815575301647187e-06,
  1.0176735937595375e-05
 ],
 "hist_err": [
  3.3706913119202963e-06,
  3.3603277637407153e-06,
  2.59286118920187e-06,
  1.7535931849405639e-06,
  1.4428877363565602e-06,
  1.3035148778509369e-06,
  1.2623736551779923e-06,
  1.2889227928326742e-06,
  1.403644064533701e-06,
  1.7420358439516238e-06,
  2.561839829860345e-06,
  3.1255176446377997e-06,
  3.152787734543463e-06,
  3.0957077494966166e-06,
  2.572827140372538e-06,
  1.7023996226598964e-06,
  1.3486550067583386e-06,
  1.271170917754382e-06,
  1.2733268157329587e-06,
  1.2955101150051566e-06,
  1.3678483819660715e-06,
  1.7222831493474817e-06,
  2.6052528042433815e-06,
  3.33486054539752e-06
 ]
}