{
    "ntrain": 6000000,
    "nval": 2000000,
    "log_r_val": 0.09020632774081605,
    "best_quality": {
        "mean": 4.5103163870408025e-08,
        "sdev": 1.4242276336062787e-07
    },
    "zeta_func": "zeta_100_100_d_10",
    "batch_size": 10000,
    "nsteps_max": 100000,
    "nsteps_round": 1000,
    "early_stopping_rounds": 10,
    "learning_rate": 0.001,
    "seed": 123,
    "nsteps_performed": 13000,
    "prescale": {
        "loc": [
            484.4534912109375,
            649.7605590820312,
            -291.669189453125,
            0.0,
            -9.457076072692871,
            -190.05101013183594,
            0.0,
            8.027546882629395,
            -41.745521545410156,
            0.0,
            21.197086334228516,
            12.818078994750977,
            14.55291748046875,
            15.613537788391113,
            16.224401473999023,
            0.0006246666889637709,
            0.0007523333188146353,
            -0.0004263333394192159,
            0.0012306243879720569
        ],
        "scale": [
            0.005949439946562052,
            0.0016241255216300488,
            0.0077276695519685745,
            0.005506483837962151,
            0.0013794911792501807,
            0.012263873592019081,
            0.005557317286729813,
            0.0016384418122470379,
            0.005000252742320299,
            0.005953710991889238,
            0.0018077889690175653,
            0.10281550884246826,
            0.10783669352531433,
            0.10974439978599548,
            0.11660698056221008,
            0.9999899864196777,
            0.9999899864196777,
            0.9999899864196777,
            0.9999898672103882
        ]
    },
    "tag": {
        "datapath": "/home/tombs/truth_ktdurham200_cut/sm_3j_4j",
        "with_flav": true,
        "with_hel": true
    }
}