{
    "ntest": 2000000,
    "log_r_test": -5.886610779270995,
    "quality": {
        "mean": -2.9433053896354977e-06,
        "sdev": 3.638674343164894e-06
    },
    "tag": {
        "datapath": "/r04/atlas/symmetries/data/truth_ktdurham200_cut/liv_3j_4j_p08",
        "with_flav": true,
        "with_hel": false
    }
}