{
    "ntest": 2000000,
    "log_r_test": 87.28761895326898,
    "quality": {
        "mean": 4.364380947663449e-05,
        "sdev": 7.133366580092115e-06
    },
    "tag": {
        "datapath": "/r04/atlas/symmetries/data/truth_ktdurham200_cut/liv_3j_4j_p3",
        "with_flav": false,
        "with_hel": false
    }
}