{
    "ntest": 2000000,
    "log_r_test": 4060.7601404190063,
    "quality": {
        "mean": 0.002030380070209503,
        "sdev": 4.513530438998714e-05
    },
    "tag": {
        "datapath": "/home/tombs/truth_ktdurham200_cut/liv_3j_4j_1000",
        "with_flav": false,
        "with_hel": true
    }
}