{
    "ntest": 2000000,
    "log_r_test": 33234.89800095558,
    "quality": {
        "mean": 0.01661744900047779,
        "sdev": 0.0001137584840762429
    },
    "tag": {
        "datapath": "/home/tombs/truth_ktdurham200_cut/liv_3j_4j_p9",
        "with_flav": true,
        "with_hel": true
    }
}