{
    "ntrain": 5000000,
    "nval": 1000000,
    "log_r_val": 0.3050473935672926,
    "best_quality": {
        "mean": 3.050473935672926e-07,
        "sdev": 1.573123142861732e-07
    },
    "zeta_func": "zeta_100_100_d_10",
    "batch_size": 10000,
    "nsteps_max": 100000,
    "nsteps_round": 1000,
    "early_stopping_rounds": 10,
    "learning_rate": 0.001,
    "seed": 144,
    "nsteps_performed": 17000,
    "prescale": {
        "loc": [
            446.3386535644531,
            642.46484375,
            -269.3500061035156,
            0.0,
            2.338571310043335,
            -174.5059051513672,
            0.0,
            16.000669479370117,
            -38.830772399902344,
            0.0,
            19.842193603515625
        ],
        "scale": [
            0.006288005970418453,
            0.0015894630923867226,
            0.008218646049499512,
            0.006005561910569668,
            0.001319318893365562,
            0.013529971241950989,
            0.006050493568181992,
            0.0015196622116491199,
            0.005455889739096165,
            0.0064520761370658875,
            0.001682168454863131
        ]
    },
    "tag": "/home/tombs/truth_ktdurham200/liv_3j_4j_p12"
}