{
    "ntrain": 5000000,
    "nval": 1000000,
    "log_r_val": 0.00797754484693769,
    "best_quality": {
        "mean": 7.97754484693769e-09,
        "sdev": 2.3361732814919378e-07
    },
    "zeta_func": "zeta_100_100_d_10",
    "batch_size": 10000,
    "nsteps_max": 100000,
    "nsteps_round": 1000,
    "early_stopping_rounds": 10,
    "learning_rate": 0.001,
    "seed": 149,
    "nsteps_performed": 12000,
    "prescale": {
        "loc": [
            448.65399169921875,
            647.8811645507812,
            -270.81842041015625,
            0.0,
            4.226510047912598,
            -175.41006469726562,
            0.0,
            13.92946720123291,
            -36.220176696777344,
            0.0,
            18.307279586791992
        ],
        "scale": [
            0.0061989533714950085,
            0.0015804577851668,
            0.008119790814816952,
            0.0060195596888661385,
            0.0013134520268067718,
            0.013271171599626541,
            0.0060667055658996105,
            0.0015146615915000439,
            0.005388389341533184,
            0.006458779331296682,
            0.0016715505626052618
        ]
    },
    "tag": "/home/tombs/truth_ktdurham200/liv_3j_4j_p17"
}