{
    "ntest": 2000000,
    "log_r_test": 0.0034574270113552075,
    "quality": {
        "mean": 1.7287135056776037e-09,
        "sdev": 1.7287129505660914e-09
    },
    "tag": {
        "datapath": "/home/tombs/truth_ktdurham200_cut/liv_3j_4j_p02",
        "with_flav": true,
        "with_hel": true
    }
}