{
    "ntrain": 6014348,
    "nval": 1985995,
    "log_r_val": 0.04152899865234261,
    "best_quality": {
        "mean": 2.0910928100192905e-08,
        "sdev": 3.321910213571755e-08
    },
    "zeta_func": "zeta_100_100_d_10",
    "batch_size": 10000,
    "nsteps_max": 100000,
    "nsteps_round": 1000,
    "early_stopping_rounds": 10,
    "learning_rate": 0.001,
    "seed": 126,
    "nsteps_performed": 11000,
    "prescale": {
        "loc": [
            476.4015808105469,
            616.7357177734375,
            -271.07183837890625,
            0.0,
            -8.52912712097168,
            -168.3168487548828,
            0.0,
            11.487035751342773,
            -19.193674087524414,
            0.0,
            14.845184326171875
        ],
        "scale": [
            0.0058327834121882915,
            0.0017171239014714956,
            0.006871863268315792,
            0.005278741475194693,
            0.0014563450822606683,
            0.008587714284658432,
            0.005606398917734623,
            0.0017324661603197455,
            0.01059743668884039,
            0.012120409868657589,
            0.0034995609894394875
        ]
    },
    "tag": "/home/tombs/reco_ktdurham200/liv_3j_4j_p1"
}