{
    "ntrain": 5585642,
    "nval": 1856119,
    "log_r_val": 11.143597745606257,
    "best_quality": {
        "mean": 6.003708676871611e-06,
        "sdev": 2.4626433514640667e-06
    },
    "zeta_func": "zeta_100_100_d_10",
    "batch_size": 10000,
    "nsteps_max": 100000,
    "nsteps_round": 1000,
    "early_stopping_rounds": 10,
    "learning_rate": 0.001,
    "seed": 127,
    "nsteps_performed": 18000,
    "prescale": {
        "loc": [
            481.05218505859375,
            627.7568359375,
            -274.1328430175781,
            0.0,
            -6.981765270233154,
            -169.27906799316406,
            0.0,
            7.880336284637451,
            -19.475292205810547,
            0.0,
            14.014988899230957
        ],
        "scale": [
            0.0056916712783277035,
            0.0016984050162136555,
            0.00670531764626503,
            0.0052975984290242195,
            0.0014371733414009213,
            0.00846366211771965,
            0.005627437494695187,
            0.0017153096850961447,
            0.010450443252921104,
            0.012000689283013344,
            0.0034504674840718508
        ]
    },
    "tag": "/home/tombs/reco_ktdurham200/liv_3j_4j_p2"
}