{
    "ntest": 1874376,
    "log_r_test": 11.266228221164056,
    "quality": {
        "mean": 6.0106553974037524e-06,
        "sdev": 2.4565740659454605e-06
    },
    "tag": {
        "datapath": "/home/tombs/reco_ktdurham200/liv_3j_4j_p2",
        "with_flav": false,
        "with_hel": false
    }
}