{
    "ntest": 2000000,
    "log_r_test": 0.04824328314612103,
    "quality": {
        "mean": 2.4121641573060515e-08,
        "sdev": 3.0264565964444046e-08
    },
    "tag": {
        "datapath": "/home/tombs/truth_ktdurham200_cut/liv_3j_4j_p06",
        "with_flav": true,
        "with_hel": true
    }
}