{
    "ntrain": 6000000,
    "nval": 2000000,
    "log_r_val": 1812.9872623831034,
    "best_quality": {
        "mean": 0.0009064936311915517,
        "sdev": 3.117514279438183e-05
    },
    "zeta_func": "zeta_100_100_d_10",
    "batch_size": 10000,
    "nsteps_max": 100000,
    "nsteps_round": 1000,
    "early_stopping_rounds": 10,
    "learning_rate": 0.001,
    "seed": 123,
    "nsteps_performed": 47000,
    "prescale": {
        "loc": [
            554.4212646484375,
            742.9754638671875,
            -344.3984375,
            0.0,
            -6.141672134399414,
            -224.39108276367188,
            0.0,
            -35.90105056762695,
            49.987518310546875,
            0.0,
            36.22003936767578
        ],
        "scale": [
            0.004229624290019274,
            0.0015054558170959353,
            0.005517279263585806,
            0.0059738983400166035,
            0.0012838253751397133,
            0.007098252419382334,
            0.006139395758509636,
            0.0015431120991706848,
            0.003877633949741721,
            0.00656536128371954,
            0.0016765289474278688
        ]
    },
    "tag": {
        "datapath": "/home/tombs/truth_ktdurham200_cut/liv_3j_4j_1",
        "with_flav": false,
        "with_hel": false
    }
}