{
    "ntest": 2000000,
    "log_r_test": 1698.6978007480502,
    "quality": {
        "mean": 0.0008493489003740251,
        "sdev": 3.112788908765651e-05
    },
    "tag": {
        "datapath": "/home/tombs/truth_ktdurham200_cut/liv_3j_4j_1",
        "with_flav": false,
        "with_hel": false
    }
}