{
    "ntest": 2000000,
    "log_r_test": 29991.46841466427,
    "quality": {
        "mean": 0.014995734207332134,
        "sdev": 0.00010741385631263256
    },
    "tag": {
        "datapath": "/home/tombs/truth_ktdurham200_cut/liv_3j_4j_p8",
        "with_flav": true,
        "with_hel": true
    }
}