{
    "ntrain": 6000000,
    "nval": 2000000,
    "log_r_val": 5030.295345932245,
    "best_quality": {
        "mean": 0.0025151476729661226,
        "sdev": 4.6966706577222794e-05
    },
    "zeta_func": "zeta_100_100_d_10",
    "batch_size": 10000,
    "nsteps_max": 100000,
    "nsteps_round": 1000,
    "early_stopping_rounds": 10,
    "learning_rate": 0.001,
    "seed": 136,
    "nsteps_performed": 58000,
    "prescale": {
        "loc": [
            622.7698974609375,
            688.6334228515625,
            -450.32806396484375,
            0.0,
            -87.08494567871094,
            -298.6291198730469,
            0.0,
            -77.68408203125,
            125.17243194580078,
            0.0,
            101.15050506591797
        ],
        "scale": [
            0.00312441261485219,
            0.0016224210849031806,
            0.0039652562700212,
            0.006970863323658705,
            0.0013277356047183275,
            0.004345869645476341,
            0.007351525593549013,
            0.001547195017337799,
            0.0038548067677766085,
            0.007866378873586655,
            0.0016371476231142879
        ]
    },
    "tag": "/home/tombs/truth_ktdurham200/liv_3j_4j_100"
}