{
    "ntest": 2000000,
    "log_r_test": 21356.817334890366,
    "quality": {
        "mean": 0.010678408667445183,
        "sdev": 9.690433944342658e-05
    },
    "tag": {
        "datapath": "/r04/atlas/symmetries/data/truth_ktdurham200_cut/liv_3j_4j_p7",
        "with_flav": true,
        "with_hel": false
    }
}