{
    "ntest": 2000000,
    "log_r_test": 32.65251143602654,
    "quality": {
        "mean": 1.632625571801327e-05,
        "sdev": 7.269513389474014e-06
    },
    "tag": {
        "datapath": "/r04/atlas/symmetries/data/truth_ktdurham200_cut/liv_3j_4j_p11",
        "with_flav": true,
        "with_hel": false
    }
}