{
    "ntest": 2000000,
    "log_r_test": -13.752268387179356,
    "quality": {
        "mean": -6.876134193589678e-06,
        "sdev": 3.147333472952596e-06
    },
    "tag": {
        "datapath": "/r04/atlas/symmetries/data/truth_ktdurham200_cut/liv_3j_4j_p09",
        "with_flav": false,
        "with_hel": true
    }
}