{
    "ntest": 2000000,
    "log_r_test": 253.82917374372482,
    "quality": {
        "mean": 0.0001269145868718624,
        "sdev": 8.431850801571272e-06
    },
    "tag": {
        "datapath": "/r04/atlas/symmetries/data/truth_ktdurham200_cut/liv_3j_4j_p14",
        "with_flav": true,
        "with_hel": false
    }
}