{
    "ntest": 2000000,
    "log_r_test": 407.1349394507706,
    "quality": {
        "mean": 0.0002035674697253853,
        "sdev": 1.5149509636103176e-05
    },
    "tag": {
        "datapath": "/r04/atlas/symmetries/data/truth_ktdurham200_cut/liv_3j_4j_p16",
        "with_flav": true,
        "with_hel": true
    }
}