{
    "ntest": 2000000,
    "log_r_test": -21.624082364724018,
    "quality": {
        "mean": -1.0812041182362009e-05,
        "sdev": 2.9651437216671184e-06
    },
    "tag": {
        "datapath": "/r04/atlas/symmetries/data/truth_ktdurham200_cut/sm_3j_4j",
        "with_flav": true,
        "with_hel": true
    }
}