{
    "ntrain": 5000000,
    "nval": 1000000,
    "log_r_val": 0.636720926650014,
    "best_quality": {
        "mean": 6.36720926650014e-07,
        "sdev": 7.594217095174827e-07
    },
    "zeta_func": "zeta_100_100_d_10",
    "batch_size": 10000,
    "nsteps_max": 100000,
    "nsteps_round": 1000,
    "early_stopping_rounds": 10,
    "learning_rate": 0.001,
    "seed": 148,
    "nsteps_performed": 11000,
    "prescale": {
        "loc": [
            448.2546081542969,
            646.670166015625,
            -270.56610107421875,
            0.0,
            2.93937349319458,
            -175.23416137695312,
            0.0,
            14.327837944030762,
            -36.57558059692383,
            0.0,
            18.85011863708496
        ],
        "scale": [
            0.006215227302163839,
            0.0015820494154468179,
            0.0081409877166152,
            0.0060152024962008,
            0.0013141465606167912,
            0.013312960974872112,
            0.006062851753085852,
            0.001515336218290031,
            0.005392218474298716,
            0.006459077820181847,
            0.001676867832429707
        ]
    },
    "tag": "/home/tombs/truth_ktdurham200/liv_3j_4j_p16"
}