{
    "ntest": 2000000,
    "log_r_test": 415.31864553689957,
    "quality": {
        "mean": 0.00020765932276844978,
        "sdev": 1.3489400771504734e-05
    },
    "tag": {
        "datapath": "/home/tombs/truth_ktdurham200_cut/liv_3j_4j_p4",
        "with_flav": false,
        "with_hel": false
    }
}