{
    "ntest": 2006738,
    "log_r_test": -25.07342697072272,
    "quality": {
        "mean": -1.2494619113567751e-05,
        "sdev": 3.6417786759557202e-06
    },
    "tag": {
        "datapath": "/r04/atlas/symmetries/data/reco_ktdurham200/liv_3j_4j_p1",
        "with_flav": false,
        "with_hel": false
    }
}