{
    "ntrain": 6000000,
    "nval": 2000000,
    "log_r_val": 1017.5023926422,
    "best_quality": {
        "mean": 0.0005087511963211,
        "sdev": 2.5274928702856414e-05
    },
    "zeta_func": "zeta_100_100_d_10",
    "batch_size": 10000,
    "nsteps_max": 100000,
    "nsteps_round": 1000,
    "early_stopping_rounds": 10,
    "learning_rate": 0.001,
    "seed": 123,
    "nsteps_performed": 36000,
    "prescale": {
        "loc": [
            490.994140625,
            663.08056640625,
            -295.6717529296875,
            0.0,
            -5.777632236480713,
            -192.74322509765625,
            0.0,
            3.443594217300415,
            -34.44388961791992,
            0.0,
            16.526952743530273,
            12.291753768920898,
            13.919977188110352,
            15.04418659210205,
            15.384295463562012,
            0.000834666658192873,
            0.0004199999966658652,
            0.00048766666441224515,
            -0.0018812987254932523
        ],
        "scale": [
            0.00572154251858592,
            0.0016031245468184352,
            0.007489568553864956,
            0.005551578011363745,
            0.0013636627700179815,
            0.011643027886748314,
            0.005608945619314909,
            0.0016251344932243228,
            0.004823601339012384,
            0.005990062840282917,
            0.0017664103070273995,
            0.10355724394321442,
            0.10286816954612732,
            0.11042621731758118,
            0.11001725494861603,
            0.9999901056289673,
            0.9999899864196777,
            0.9999899864196777,
            0.99998939037323
        ]
    },
    "tag": {
        "datapath": "/home/tombs/truth_ktdurham200_cut/liv_3j_4j_p18",
        "with_flav": true,
        "with_hel": true
    }
}