{
    "ntest": 2000000,
    "log_r_test": 919.6622995659709,
    "quality": {
        "mean": 0.00045983114978298545,
        "sdev": 2.539461274864152e-05
    },
    "tag": {
        "datapath": "/home/tombs/truth_ktdurham200_cut/liv_3j_4j_p18",
        "with_flav": true,
        "with_hel": true
    }
}