{
    "ntrain": 5000000,
    "nval": 1000000,
    "log_r_val": 0.2352163193108936,
    "best_quality": {
        "mean": 2.352163193108936e-07,
        "sdev": 3.7281625964169507e-07
    },
    "zeta_func": "zeta_100_100_d_10",
    "batch_size": 10000,
    "nsteps_max": 100000,
    "nsteps_round": 1000,
    "early_stopping_rounds": 10,
    "learning_rate": 0.001,
    "seed": 154,
    "nsteps_performed": 11000,
    "prescale": {
        "loc": [
            444.84967041015625,
            638.386474609375,
            -268.4261169433594,
            0.0,
            0.345958411693573,
            -173.94808959960938,
            0.0,
            16.98630714416504,
            -40.11294937133789,
            0.0,
            22.543310165405273
        ],
        "scale": [
            0.006353179458528757,
            0.0015947723295539618,
            0.00828629732131958,
            0.005992319900542498,
            0.0013246744638308883,
            0.013736673630774021,
            0.006037193350493908,
            0.001526078674942255,
            0.0055035194382071495,
            0.006442797835916281,
            0.0016879733884707093
        ]
    },
    "tag": "/home/tombs/truth_ktdurham200/liv_3j_4j_p07"
}