{
    "ntest": 2000000,
    "log_r_test": 104.89193664398044,
    "quality": {
        "mean": 5.244596832199022e-05,
        "sdev": 5.501706709765131e-06
    },
    "tag": {
        "datapath": "/r04/atlas/symmetries/data/truth_ktdurham200_cut/liv_3j_4j_p12",
        "with_flav": true,
        "with_hel": true
    }
}