{
    "ntrain": 6000000,
    "nval": 2000000,
    "log_r_val": 0.0,
    "best_quality": {
        "mean": 0.0,
        "sdev": 0.0
    },
    "zeta_func": "zeta_100_100_d_10",
    "batch_size": 10000,
    "nsteps_max": 100000,
    "nsteps_round": 1000,
    "early_stopping_rounds": 10,
    "learning_rate": 0.001,
    "seed": 123,
    "nsteps_performed": 11000,
    "prescale": {
        "loc": [
            485.6177978515625,
            652.2568359375,
            -292.30487060546875,
            0.0,
            -8.916728973388672,
            -190.5165252685547,
            0.0,
            6.639566898345947,
            -40.91172790527344,
            0.0,
            19.673154830932617
        ],
        "scale": [
            0.005905261728912592,
            0.0016201850958168507,
            0.0076842461712658405,
            0.0055113439448177814,
            0.0013768089702352881,
            0.012149680405855179,
            0.005563992075622082,
            0.0016364145558327436,
            0.00497240386903286,
            0.005952702835202217,
            0.0017994737718254328
        ]
    },
    "tag": {
        "datapath": "/home/tombs/truth_ktdurham200_cut/liv_3j_4j_p07",
        "with_flav": false,
        "with_hel": false
    }
}