{
    "ntest": 2000000,
    "log_r_test": 4018.782638013363,
    "quality": {
        "mean": 0.0020093913190066814,
        "sdev": 4.304050526116043e-05
    },
    "tag": {
        "datapath": "/r04/atlas/symmetries/data/truth_ktdurham200_cut/liv_3j_4j_p3",
        "with_flav": true,
        "with_hel": true
    }
}