{
    "ntest": 2000000,
    "log_r_test": 27306.30338191986,
    "quality": {
        "mean": 0.01365315169095993,
        "sdev": 0.00010895189916482195
    },
    "tag": {
        "datapath": "/r04/atlas/symmetries/data/truth_ktdurham200_cut/liv_3j_4j_p9",
        "with_flav": true,
        "with_hel": true
    }
}