{
    "ntrain": 6000000,
    "nval": 2000000,
    "log_r_val": 10960.387997329235,
    "best_quality": {
        "mean": 0.0054801939986646175,
        "sdev": 6.760700489394367e-05
    },
    "zeta_func": "zeta_100_100_d_10",
    "batch_size": 10000,
    "nsteps_max": 100000,
    "nsteps_round": 1000,
    "early_stopping_rounds": 10,
    "learning_rate": 0.001,
    "seed": 123,
    "nsteps_performed": 49000,
    "prescale": {
        "loc": [
            508.7618103027344,
            696.4067993164062,
            -307.2276611328125,
            0.0,
            3.7054033279418945,
            -200.2954864501953,
            0.0,
            -6.564281463623047,
            -12.214941024780273,
            0.0,
            10.90401554107666,
            10.92786693572998,
            12.269389152526855,
            13.543487548828125,
            13.677007675170898
        ],
        "scale": [
            0.005206285510212183,
            0.001555440598167479,
            0.006884127389639616,
            0.00567237613722682,
            0.0013277106918394566,
            0.010156211443245411,
            0.005751126911491156,
            0.0015884694876149297,
            0.0044476669281721115,
            0.006121174432337284,
            0.0017140691634267569,
            0.10186365246772766,
            0.10222157090902328,
            0.10217468440532684,
            0.10259628295898438
        ]
    },
    "tag": {
        "datapath": "/home/tombs/truth_ktdurham200_cut/liv_3j_4j_p4",
        "with_flav": true,
        "with_hel": false
    }
}