{
    "ntest": 2000000,
    "log_r_test": 10994.54052746296,
    "quality": {
        "mean": 0.00549727026373148,
        "sdev": 6.764138379367068e-05
    },
    "tag": {
        "datapath": "/home/tombs/truth_ktdurham200_cut/liv_3j_4j_p4",
        "with_flav": true,
        "with_hel": false
    }
}