{
    "ntrain": 6000000,
    "nval": 2000000,
    "log_r_val": 0.002008557320465343,
    "best_quality": {
        "mean": 1.0042786602326714e-09,
        "sdev": 3.4581082442031175e-09
    },
    "zeta_func": "zeta_100_100_d_10",
    "batch_size": 10000,
    "nsteps_max": 100000,
    "nsteps_round": 1000,
    "early_stopping_rounds": 10,
    "learning_rate": 0.001,
    "seed": 123,
    "nsteps_performed": 11000,
    "prescale": {
        "loc": [
            484.6611328125,
            650.00244140625,
            -291.7306823730469,
            0.0,
            -9.353792190551758,
            -190.1486053466797,
            0.0,
            7.516327857971191,
            -41.89902114868164,
            0.0,
            19.553516387939453,
            12.798603057861328,
            14.541219711303711,
            15.594825744628906,
            16.17805290222168,
            0.0006786666926927865,
            0.0005300000193528831,
            0.00019033333228435367,
            -7.713484228588641e-05
        ],
        "scale": [
            0.005935255903750658,
            0.0016244389116764069,
            0.007715026382356882,
            0.005507525522261858,
            0.0013788029318675399,
            0.012229390442371368,
            0.005559185519814491,
            0.0016384386690333486,
            0.004999316297471523,
            0.005942753981798887,
            0.0018060195725411177,
            0.10278000682592392,
            0.10782331228256226,
            0.10964658111333847,
            0.115943543612957,
            0.9999901056289673,
            0.9999901056289673,
            0.9999899864196777,
            0.9999899864196777
        ]
    },
    "tag": {
        "datapath": "/home/tombs/truth_ktdurham200_cut/liv_3j_4j_p03",
        "with_flav": true,
        "with_hel": true
    }
}