{
    "ntest": 2000000,
    "log_r_test": 0.0018685459846068397,
    "quality": {
        "mean": 9.342729923034199e-10,
        "sdev": 2.646668217920478e-09
    },
    "tag": {
        "datapath": "/home/tombs/truth_ktdurham200_cut/liv_3j_4j_p03",
        "with_flav": true,
        "with_hel": true
    }
}