{
    "ntrain": 6867191,
    "nval": 2304276,
    "log_r_val": 2466.9273116765544,
    "best_quality": {
        "mean": 0.0010705867316573858,
        "sdev": 3.111405385425314e-05
    },
    "zeta_func": "zeta_100_100_d_10",
    "batch_size": 10000,
    "nsteps_max": 100000,
    "nsteps_round": 1000,
    "early_stopping_rounds": 10,
    "learning_rate": 0.001,
    "seed": 125,
    "nsteps_performed": 33000,
    "prescale": {
        "loc": [
            535.26904296875,
            716.1083984375,
            -313.7259521484375,
            0.0,
            -17.232641220092773,
            -177.8950958251953,
            0.0,
            -29.74986457824707,
            -22.256702423095703,
            0.0,
            7.066123962402344
        ],
        "scale": [
            0.004408157896250486,
            0.0015688432613387704,
            0.005140595603734255,
            0.00545331509783864,
            0.0013184446142986417,
            0.007032521069049835,
            0.005819164216518402,
            0.00158858357463032,
            0.008589069359004498,
            0.010548158548772335,
            0.0028644404374063015
        ]
    },
    "tag": "/home/tombs/reco_ktdurham200/liv_3j_4j_1"
}