{
    "ntest": 2000000,
    "log_r_test": 27.458836484584026,
    "quality": {
        "mean": 1.3729418242292013e-05,
        "sdev": 4.287901901989244e-06
    },
    "tag": {
        "datapath": "/r04/atlas/symmetries/data/truth_ktdurham200_cut/liv_3j_4j_p1",
        "with_flav": true,
        "with_hel": false
    }
}