{
    "ntrain": 5000000,
    "nval": 1000000,
    "log_r_val": 0.710473784693022,
    "best_quality": {
        "mean": 7.10473784693022e-07,
        "sdev": 6.964985459489981e-07
    },
    "zeta_func": "zeta_100_100_d_10",
    "batch_size": 10000,
    "nsteps_max": 100000,
    "nsteps_round": 1000,
    "early_stopping_rounds": 10,
    "learning_rate": 0.001,
    "seed": 140,
    "nsteps_performed": 13000,
    "prescale": {
        "loc": [
            443.9532165527344,
            635.7894897460938,
            -267.8997497558594,
            0.0,
            0.1343533992767334,
            -173.62722778320312,
            0.0,
            17.22458267211914,
            -40.51215362548828,
            0.0,
            23.206159591674805
        ],
        "scale": [
            0.006404612213373184,
            0.0016008316306397319,
            0.008340401574969292,
            0.005991393234580755,
            0.0013268656330183148,
            0.013852003961801529,
            0.0060338955372571945,
            0.0015273462049663067,
            0.005527692846953869,
            0.006439151708036661,
            0.0016958534251898527
        ]
    },
    "tag": "/home/tombs/truth_ktdurham200/liv_3j_4j_p02"
}