{
    "ntest": 2000000,
    "log_r_test": 499.5104973204434,
    "quality": {
        "mean": 0.0002497552486602217,
        "sdev": 1.4783233382331673e-05
    },
    "tag": {
        "datapath": "/r04/atlas/symmetries/data/truth_ktdurham200_cut/liv_3j_4j_p5",
        "with_flav": false,
        "with_hel": false
    }
}