{
    "ntrain": 6000000,
    "nval": 2000000,
    "log_r_val": 1041.9099126011133,
    "best_quality": {
        "mean": 0.0005209549563005567,
        "sdev": 2.4507926354999654e-05
    },
    "zeta_func": "zeta_100_100_d_10",
    "batch_size": 10000,
    "nsteps_max": 100000,
    "nsteps_round": 1000,
    "early_stopping_rounds": 10,
    "learning_rate": 0.001,
    "seed": 132,
    "nsteps_performed": 36000,
    "prescale": {
        "loc": [
            487.1950378417969,
            720.6942749023438,
            -297.3125,
            0.0,
            17.70182991027832,
            -191.91896057128906,
            0.0,
            -15.984704971313477,
            6.819782733917236,
            0.0,
            5.3584089279174805
        ],
        "scale": [
            0.005022515542805195,
            0.001484582433477044,
            0.006637646351009607,
            0.006236891262233257,
            0.0012425072491168976,
            0.009519197046756744,
            0.006337108090519905,
            0.0014377582119777799,
            0.004563495982438326,
            0.0067258733324706554,
            0.0015631266869604588
        ]
    },
    "tag": "/home/tombs/truth_ktdurham200/liv_3j_4j_p7"
}