{
    "ntrain": 6000000,
    "nval": 2000000,
    "log_r_val": 0.0,
    "best_quality": {
        "mean": 0.0,
        "sdev": 0.0
    },
    "zeta_func": "zeta_100_100_d_10",
    "batch_size": 10000,
    "nsteps_max": 100000,
    "nsteps_round": 1000,
    "early_stopping_rounds": 10,
    "learning_rate": 0.001,
    "seed": 123,
    "nsteps_performed": 11000,
    "prescale": {
        "loc": [
            490.994140625,
            663.08056640625,
            -295.6717529296875,
            0.0,
            -5.777632236480713,
            -192.74322509765625,
            0.0,
            3.443594217300415,
            -34.44388961791992,
            0.0,
            16.526952743530273
        ],
        "scale": [
            0.00572154251858592,
            0.0016031245468184352,
            0.007489568553864956,
            0.005551578011363745,
            0.0013636627700179815,
            0.011643027886748314,
            0.005608945619314909,
            0.0016251344932243228,
            0.004823601339012384,
            0.005990062840282917,
            0.0017664103070273995
        ]
    },
    "tag": {
        "datapath": "/home/tombs/truth_ktdurham200_cut/liv_3j_4j_p18",
        "with_flav": false,
        "with_hel": false
    }
}