{
    "ntest": 2000000,
    "log_r_test": -6.4131013459700625,
    "quality": {
        "mean": -3.2065506729850313e-06,
        "sdev": 3.0755418265471235e-06
    },
    "tag": {
        "datapath": "/r04/atlas/symmetries/data/truth_ktdurham200_cut/liv_3j_4j_p03",
        "with_flav": false,
        "with_hel": true
    }
}