{
    "ntrain": 6000000,
    "nval": 2000000,
    "log_r_val": 4683.544393628836,
    "best_quality": {
        "mean": 0.002341772196814418,
        "sdev": 4.791615720023401e-05
    },
    "zeta_func": "zeta_100_100_d_10",
    "batch_size": 10000,
    "nsteps_max": 100000,
    "nsteps_round": 1000,
    "early_stopping_rounds": 10,
    "learning_rate": 0.001,
    "seed": 135,
    "nsteps_performed": 85000,
    "prescale": {
        "loc": [
            619.38671875,
            692.7178955078125,
            -445.1045227050781,
            0.0,
            -83.50150299072266,
            -294.76470947265625,
            0.0,
            -76.98963165283203,
            122.2044906616211,
            0.0,
            97.34568786621094
        ],
        "scale": [
            0.0031539464835077524,
            0.00161281309556216,
            0.003993611317127943,
            0.006934134755283594,
            0.0013222667621448636,
            0.00439591147005558,
            0.007311378140002489,
            0.0015393132343888283,
            0.003858289448544383,
            0.00782735738903284,
            0.0016291956417262554
        ]
    },
    "tag": "/home/tombs/truth_ktdurham200/liv_3j_4j_10"
}