{
    "ntest": 2000000,
    "log_r_test": -22.52707417937927,
    "quality": {
        "mean": -1.1263537089689635e-05,
        "sdev": 2.8718604880850762e-06
    },
    "tag": {
        "datapath": "/r04/atlas/symmetries/data/truth_ktdurham200_cut/sm_3j_4j",
        "with_flav": false,
        "with_hel": false
    }
}