{
    "ntest": 2000000,
    "log_r_test": 30.26375998160802,
    "quality": {
        "mean": 1.5131879990804009e-05,
        "sdev": 4.334815002948744e-06
    },
    "tag": {
        "datapath": "/r04/atlas/symmetries/data/truth_ktdurham200_cut/liv_3j_4j_p1",
        "with_flav": true,
        "with_hel": true
    }
}