{
    "ntest": 2000000,
    "log_r_test": 19.15442044264637,
    "quality": {
        "mean": 9.577210221323185e-06,
        "sdev": 4.2247556848451495e-06
    },
    "tag": {
        "datapath": "/r04/atlas/symmetries/data/truth_ktdurham200_cut/liv_3j_4j_p09",
        "with_flav": true,
        "with_hel": false
    }
}