{
    "ntrain": 6000000,
    "nval": 2000000,
    "log_r_val": 1257.607014849782,
    "best_quality": {
        "mean": 0.000628803507424891,
        "sdev": 2.63764140981948e-05
    },
    "zeta_func": "zeta_100_100_d_10",
    "batch_size": 10000,
    "nsteps_max": 100000,
    "nsteps_round": 1000,
    "early_stopping_rounds": 10,
    "learning_rate": 0.001,
    "seed": 123,
    "nsteps_performed": 34000,
    "prescale": {
        "loc": [
            541.1647338867188,
            735.8214111328125,
            -332.0470275878906,
            0.0,
            1.0825796127319336,
            -216.34634399414062,
            0.0,
            -27.697349548339844,
            31.787084579467773,
            0.0,
            26.316434860229492,
            -7.333333633141592e-05,
            0.0012519999872893095,
            0.0002966666652355343,
            0.0017183533636853099
        ],
        "scale": [
            0.004483799450099468,
            0.0015093673719093204,
            0.005904895719140768,
            0.005885998718440533,
            0.0012882968876510859,
            0.007898746058344841,
            0.006022170186042786,
            0.001549418899230659,
            0.0040010493248701096,
            0.00642975652590394,
            0.0016805120976641774,
            0.9999899864196777,
            0.9999901056289673,
            0.9999899864196777,
            0.9999901056289673
        ]
    },
    "tag": {
        "datapath": "/home/tombs/truth_ktdurham200_cut/liv_3j_4j_p8",
        "with_flav": false,
        "with_hel": true
    }
}