{
    "ntrain": 6000000,
    "nval": 2000000,
    "log_r_val": 195.89751900639385,
    "best_quality": {
        "mean": 9.794875950319692e-05,
        "sdev": 1.1210493539692834e-05
    },
    "zeta_func": "zeta_100_100_d_10",
    "batch_size": 10000,
    "nsteps_max": 100000,
    "nsteps_round": 1000,
    "early_stopping_rounds": 10,
    "learning_rate": 0.001,
    "seed": 123,
    "nsteps_performed": 30000,
    "prescale": {
        "loc": [
            487.5066833496094,
            656.2011108398438,
            -293.51495361328125,
            0.0,
            -7.085627555847168,
            -191.2992401123047,
            0.0,
            5.955763816833496,
            -38.638614654541016,
            0.0,
            18.508108139038086,
            12.570002555847168,
            14.254722595214844,
            15.343754768371582,
            15.791155815124512
        ],
        "scale": [
            0.005836373660713434,
            0.0016147142741829157,
            0.0076098632998764515,
            0.0055276029743254185,
            0.0013711950741708279,
            0.011962530203163624,
            0.005581394303590059,
            0.0016322009032592177,
            0.004923787899315357,
            0.005966098513454199,
            0.0017834763275459409,
            0.10442360490560532,
            0.108230359852314,
            0.1098301112651825,
            0.11285897344350815
        ]
    },
    "tag": {
        "datapath": "/home/tombs/truth_ktdurham200_cut/liv_3j_4j_p12",
        "with_flav": true,
        "with_hel": false
    }
}