{
    "ntest": 2000000,
    "log_r_test": 203.01679614931345,
    "quality": {
        "mean": 0.00010150839807465672,
        "sdev": 1.1195426850463264e-05
    },
    "tag": {
        "datapath": "/home/tombs/truth_ktdurham200_cut/liv_3j_4j_p12",
        "with_flav": true,
        "with_hel": false
    }
}