{
    "ntest": 2000000,
    "log_r_test": -1.923111767609953,
    "quality": {
        "mean": -9.615558838049765e-07,
        "sdev": 3.2931209261732874e-06
    },
    "tag": {
        "datapath": "/r04/atlas/symmetries/data/truth_ktdurham200_cut/liv_3j_4j_p14",
        "with_flav": false,
        "with_hel": false
    }
}