{
    "ntest": 2000000,
    "log_r_test": -3.44059139933961,
    "quality": {
        "mean": -1.7202956996698049e-06,
        "sdev": 2.4711682726774598e-06
    },
    "tag": {
        "datapath": "/r04/atlas/symmetries/data/truth_ktdurham200_cut/liv_3j_4j_p06",
        "with_flav": true,
        "with_hel": true
    }
}