{
    "ntrain": 6460284,
    "nval": 2153913,
    "log_r_val": 1679.2668003496947,
    "best_quality": {
        "mean": 0.0007796353893354535,
        "sdev": 2.8636088245548308e-05
    },
    "zeta_func": "zeta_100_100_d_10",
    "batch_size": 10000,
    "nsteps_max": 100000,
    "nsteps_round": 1000,
    "early_stopping_rounds": 10,
    "learning_rate": 0.001,
    "seed": 133,
    "nsteps_performed": 36000,
    "prescale": {
        "loc": [
            521.7982788085938,
            703.29833984375,
            -303.6197814941406,
            0.0,
            -9.994251251220703,
            -175.9825897216797,
            0.0,
            -21.674346923828125,
            -21.563095092773438,
            0.0,
            8.825584411621094
        ],
        "scale": [
            0.004667240660637617,
            0.0015854390803724527,
            0.0054634190164506435,
            0.005423903930932283,
            0.0013370035449042916,
            0.007355250418186188,
            0.005779179744422436,
            0.0016037889290601015,
            0.008987277746200562,
            0.010860981419682503,
            0.0029893710743635893
        ]
    },
    "tag": "/home/tombs/reco_ktdurham200/liv_3j_4j_p8"
}