{
    "ntest": 2000000,
    "log_r_test": 33754.48286533356,
    "quality": {
        "mean": 0.01687724143266678,
        "sdev": 0.00012153405259596184
    },
    "tag": {
        "datapath": "/r04/atlas/symmetries/data/truth_ktdurham200_cut/liv_3j_4j_1000",
        "with_flav": true,
        "with_hel": false
    }
}