{
    "ntest": 2000000,
    "log_r_test": 16956.636682152748,
    "quality": {
        "mean": 0.008478318341076374,
        "sdev": 8.442854596069083e-05
    },
    "tag": {
        "datapath": "/home/tombs/truth_ktdurham200_cut/liv_3j_4j_p5",
        "with_flav": true,
        "with_hel": false
    }
}