{
    "ntest": 2000000,
    "log_r_test": 32.32049130019732,
    "quality": {
        "mean": 1.616024565009866e-05,
        "sdev": 6.033658337400993e-06
    },
    "tag": {
        "datapath": "/r04/atlas/symmetries/data/truth_ktdurham200_cut/liv_3j_4j_p11",
        "with_flav": true,
        "with_hel": true
    }
}