{
    "ntest": 2000000,
    "log_r_test": 1.7188931451528333,
    "quality": {
        "mean": 8.594465725764167e-07,
        "sdev": 4.0579830056231e-06
    },
    "tag": {
        "datapath": "/r04/atlas/symmetries/data/truth_ktdurham200_cut/liv_3j_4j_p18",
        "with_flav": false,
        "with_hel": true
    }
}