{
    "ntest": 2000000,
    "log_r_test": 551.4098447747529,
    "quality": {
        "mean": 0.00027570492238737643,
        "sdev": 1.3500108252628706e-05
    },
    "tag": {
        "datapath": "/r04/atlas/symmetries/data/truth_ktdurham200_cut/liv_3j_4j_p17",
        "with_flav": true,
        "with_hel": false
    }
}