{
    "ntrain": 6000000,
    "nval": 2000000,
    "log_r_val": 0.0,
    "best_quality": {
        "mean": 0.0,
        "sdev": 0.0
    },
    "zeta_func": "zeta_100_100_d_10",
    "batch_size": 10000,
    "nsteps_max": 100000,
    "nsteps_round": 1000,
    "early_stopping_rounds": 10,
    "learning_rate": 0.001,
    "seed": 123,
    "nsteps_performed": 11000,
    "prescale": {
        "loc": [
            490.1967468261719,
            661.6158447265625,
            -295.1867370605469,
            0.0,
            -5.980477809906006,
            -192.42530822753906,
            0.0,
            4.24434232711792,
            -35.4257698059082,
            0.0,
            16.332763671875,
            0.000944000028539449,
            0.000111666668090038,
            -0.000826000003144145,
            0.001959395594894886
        ],
        "scale": [
            0.005747414659708738,
            0.0016048530815169215,
            0.007513202726840973,
            0.005545256659388542,
            0.00136539654340595,
            0.01171594113111496,
            0.005602512042969465,
            0.0016259505646303296,
            0.0048515587113797665,
            0.005982637871056795,
            0.0017724011559039354,
            0.9999899864196777,
            0.9999899864196777,
            0.9999899864196777,
            0.999988317489624
        ]
    },
    "tag": {
        "datapath": "/home/tombs/truth_ktdurham200_cut/liv_3j_4j_p17",
        "with_flav": false,
        "with_hel": true
    }
}