{
    "ntrain": 6000000,
    "nval": 2000000,
    "log_r_val": 4132.038913667202,
    "best_quality": {
        "mean": 0.002066019456833601,
        "sdev": 4.478386108530685e-05
    },
    "zeta_func": "zeta_100_100_d_10",
    "batch_size": 10000,
    "nsteps_max": 100000,
    "nsteps_round": 1000,
    "early_stopping_rounds": 10,
    "learning_rate": 0.001,
    "seed": 123,
    "nsteps_performed": 61000,
    "prescale": {
        "loc": [
            635.328125,
            686.3715209960938,
            -459.83697509765625,
            0.0,
            -88.14299774169922,
            -307.58294677734375,
            0.0,
            -74.12763977050781,
            156.07859802246094,
            0.0,
            139.44146728515625,
            -0.0005266666412353516,
            0.0003483333275653422,
            -0.0006236666813492775,
            0.000119423282740172
        ],
        "scale": [
            0.0031143208034336567,
            0.0016485798405483365,
            0.003956858068704605,
            0.0069389925338327885,
            0.0013573153410106897,
            0.004353450145572424,
            0.007332892157137394,
            0.0016313118394464254,
            0.003613866865634918,
            0.007705816999077797,
            0.0018341676332056522,
            0.9999899864196777,
            0.9999899864196777,
            0.9999899864196777,
            0.9999899864196777
        ]
    },
    "tag": {
        "datapath": "/home/tombs/truth_ktdurham200_cut/liv_3j_4j_100",
        "with_flav": false,
        "with_hel": true
    }
}