{
    "ntrain": 5524190,
    "nval": 1839867,
    "log_r_val": 0.0005719065937903334,
    "best_quality": {
        "mean": 3.108412693908491e-10,
        "sdev": 2.721075142986251e-09
    },
    "zeta_func": "zeta_100_100_d_10",
    "batch_size": 10000,
    "nsteps_max": 100000,
    "nsteps_round": 1000,
    "early_stopping_rounds": 10,
    "learning_rate": 0.001,
    "seed": 124,
    "nsteps_performed": 15000,
    "prescale": {
        "loc": [
            475.2688293457031,
            612.82275390625,
            -269.98748779296875,
            0.0,
            -9.547830581665039,
            -168.1112823486328,
            0.0,
            12.660506248474121,
            -19.197154998779297,
            0.0,
            15.287689208984375
        ],
        "scale": [
            0.005880090873688459,
            0.001724403235130012,
            0.006928295362740755,
            0.00527166249230504,
            0.001461729989387095,
            0.008621545508503914,
            0.005599928554147482,
            0.0017397834453731775,
            0.010659418068826199,
            0.012160534039139748,
            0.0035153967328369617
        ]
    },
    "tag": "/home/tombs/reco_ktdurham200/sm_3j_4j"
}