{
    "ntrain": 6000000,
    "nval": 2000000,
    "log_r_val": 124.878526548855,
    "best_quality": {
        "mean": 6.24392632744275e-05,
        "sdev": 8.23999107524287e-06
    },
    "zeta_func": "zeta_100_100_d_10",
    "batch_size": 10000,
    "nsteps_max": 100000,
    "nsteps_round": 1000,
    "early_stopping_rounds": 10,
    "learning_rate": 0.001,
    "seed": 128,
    "nsteps_performed": 21000,
    "prescale": {
        "loc": [
            456.56854248046875,
            667.6786499023438,
            -275.992431640625,
            0.0,
            10.419093132019043,
            -178.62290954589844,
            0.0,
            7.858614444732666,
            -27.55577278137207,
            0.0,
            9.969949722290039
        ],
        "scale": [
            0.005895779933780432,
            0.001551225082948804,
            0.007779540494084358,
            0.006078504491597414,
            0.0012929800432175398,
            0.012363909743726254,
            0.006134458817541599,
            0.0014938234817236662,
            0.0051552061922848225,
            0.006512288004159927,
            0.0016334690153598785
        ]
    },
    "tag": "/home/tombs/truth_ktdurham200/liv_3j_4j_p3"
}