{
    "ntest": 2000000,
    "log_r_test": 796.0640941746533,
    "quality": {
        "mean": 0.00039803204708732665,
        "sdev": 2.17192846321268e-05
    },
    "tag": {
        "datapath": "/home/tombs/truth_ktdurham200_cut/liv_3j_4j_p16",
        "with_flav": true,
        "with_hel": false
    }
}