{
    "ntest": 2000000,
    "log_r_test": -12.196886927995365,
    "quality": {
        "mean": -6.0984434639976826e-06,
        "sdev": 6.372100415319437e-06
    },
    "tag": {
        "datapath": "/home/tombs/truth_ktdurham200_cut/liv_3j_4j_p1",
        "with_flav": true,
        "with_hel": false
    }
}