{
    "ntest": 2000000,
    "log_r_test": -9.189159754896536,
    "quality": {
        "mean": -4.594579877448268e-06,
        "sdev": 2.9396860554697923e-06
    },
    "tag": {
        "datapath": "/r04/atlas/symmetries/data/truth_ktdurham200_cut/liv_3j_4j_p12",
        "with_flav": false,
        "with_hel": true
    }
}