{
    "ntest": 2000000,
    "log_r_test": 1413.092715665698,
    "quality": {
        "mean": 0.000706546357832849,
        "sdev": 2.849487827916164e-05
    },
    "tag": {
        "datapath": "/r04/atlas/symmetries/data/truth_ktdurham200_cut/liv_3j_4j_1",
        "with_flav": false,
        "with_hel": true
    }
}