{
    "ntest": 2000000,
    "log_r_test": 3693.8695702701807,
    "quality": {
        "mean": 0.0018469347851350904,
        "sdev": 4.389414971228689e-05
    },
    "tag": {
        "datapath": "/r04/atlas/symmetries/data/truth_ktdurham200_cut/liv_3j_4j_100",
        "with_flav": false,
        "with_hel": true
    }
}