{
    "ntest": 2000000,
    "log_r_test": 847.5736831314862,
    "quality": {
        "mean": 0.0004237868415657431,
        "sdev": 2.1911877411184832e-05
    },
    "tag": {
        "datapath": "/r04/atlas/symmetries/data/truth_ktdurham200_cut/liv_3j_4j_p7",
        "with_flav": false,
        "with_hel": true
    }
}