{
    "ntest": 2000000,
    "log_r_test": -13.12762833549641,
    "quality": {
        "mean": -6.563814167748205e-06,
        "sdev": 3.0538674309354974e-06
    },
    "tag": {
        "datapath": "/r04/atlas/symmetries/data/truth_ktdurham200_cut/liv_3j_4j_p03",
        "with_flav": false,
        "with_hel": false
    }
}