{
    "ntest": 2000000,
    "log_r_test": 28791.483491659164,
    "quality": {
        "mean": 0.014395741745829582,
        "sdev": 0.00011195979459444061
    },
    "tag": {
        "datapath": "/r04/atlas/symmetries/data/truth_ktdurham200_cut/liv_3j_4j_1",
        "with_flav": true,
        "with_hel": true
    }
}