{
    "ntest": 2000000,
    "log_r_test": 737.1605606749654,
    "quality": {
        "mean": 0.0003685802803374827,
        "sdev": 2.3838814740884118e-05
    },
    "tag": {
        "datapath": "/home/tombs/truth_ktdurham200_cut/liv_3j_4j_p6",
        "with_flav": false,
        "with_hel": true
    }
}