{
    "ntrain": 5000000,
    "nval": 1000000,
    "log_r_val": 0.05724239215965099,
    "best_quality": {
        "mean": 5.724239215965099e-08,
        "sdev": 1.0561184353719e-06
    },
    "zeta_func": "zeta_100_100_d_10",
    "batch_size": 10000,
    "nsteps_max": 100000,
    "nsteps_round": 1000,
    "early_stopping_rounds": 10,
    "learning_rate": 0.001,
    "seed": 142,
    "nsteps_performed": 14000,
    "prescale": {
        "loc": [
            444.2626037597656,
            636.8973388671875,
            -268.0645751953125,
            0.0,
            -0.2072119563817978,
            -173.6842041015625,
            0.0,
            17.589584350585938,
            -41.385494232177734,
            0.0,
            22.581817626953125
        ],
        "scale": [
            0.006384443491697311,
            0.0015974995912984014,
            0.008321316912770271,
            0.005990216508507729,
            0.0013259376864880323,
            0.013796531595289707,
            0.006033128593116999,
            0.001527247135527432,
            0.005524658598005772,
            0.006435134448111057,
            0.001697356696240604
        ]
    },
    "tag": "/home/tombs/truth_ktdurham200/liv_3j_4j_p04"
}