{
    "ntest": 2000000,
    "log_r_test": 1554.9084637314081,
    "quality": {
        "mean": 0.0007774542318657041,
        "sdev": 2.8348038540570997e-05
    },
    "tag": {
        "datapath": "/home/tombs/truth_ktdurham200_cut/liv_3j_4j_p9",
        "with_flav": false,
        "with_hel": false
    }
}