{
    "ntrain": 6000000,
    "nval": 2000000,
    "log_r_val": 0.7565980695289909,
    "best_quality": {
        "mean": 3.7829903476449545e-07,
        "sdev": 2.4971373591142765e-07
    },
    "zeta_func": "zeta_100_100_d_10",
    "batch_size": 10000,
    "nsteps_max": 100000,
    "nsteps_round": 1000,
    "early_stopping_rounds": 10,
    "learning_rate": 0.001,
    "seed": 123,
    "nsteps_performed": 14000,
    "prescale": {
        "loc": [
            485.6177978515625,
            652.2568359375,
            -292.30487060546875,
            0.0,
            -8.916728973388672,
            -190.5165252685547,
            0.0,
            6.639566898345947,
            -40.91172790527344,
            0.0,
            19.673154830932617,
            12.730362892150879,
            14.449506759643555,
            15.520995140075684,
            16.097530364990234
        ],
        "scale": [
            0.005905261728912592,
            0.0016201850958168507,
            0.0076842461712658405,
            0.0055113439448177814,
            0.0013768089702352881,
            0.012149680405855179,
            0.005563992075622082,
            0.0016364145558327436,
            0.00497240386903286,
            0.005952702835202217,
            0.0017994737718254328,
            0.10256454348564148,
            0.10786662250757217,
            0.10959609597921371,
            0.11542214453220367
        ]
    },
    "tag": {
        "datapath": "/home/tombs/truth_ktdurham200_cut/liv_3j_4j_p07",
        "with_flav": true,
        "with_hel": false
    }
}