{
    "ntest": 2000000,
    "log_r_test": -0.37362539728746924,
    "quality": {
        "mean": -1.8681269864373462e-07,
        "sdev": 2.4904056772356853e-07
    },
    "tag": {
        "datapath": "/home/tombs/truth_ktdurham200_cut/liv_3j_4j_p07",
        "with_flav": true,
        "with_hel": false
    }
}