{
    "ntest": 2000000,
    "log_r_test": -19.326074834680185,
    "quality": {
        "mean": -9.663037417340092e-06,
        "sdev": 3.1048905384523096e-06
    },
    "tag": {
        "datapath": "/r04/atlas/symmetries/data/truth_ktdurham200_cut/liv_3j_4j_p04",
        "with_flav": true,
        "with_hel": true
    }
}