{
    "ntest": 2000000,
    "log_r_test": -4.057426394865615,
    "quality": {
        "mean": -2.0287131974328076e-06,
        "sdev": 3.3099727261287626e-06
    },
    "tag": {
        "datapath": "/r04/atlas/symmetries/data/truth_ktdurham200_cut/liv_3j_4j_p16",
        "with_flav": false,
        "with_hel": false
    }
}