{
    "ntrain": 18000000,
    "nval": 6000000,
    "log_r_val": 738.1074246950448,
    "best_quality": {
        "mean": 0.0001230179041158408,
        "sdev": 6.759838470316026e-06
    },
    "zeta_func": "zeta_20_20_10",
    "batch_size": 10000,
    "nsteps_max": 100000,
    "nsteps_round": 1000,
    "early_stopping_rounds": 10,
    "learning_rate": 0.001,
    "seed": 123,
    "nsteps_performed": 45000,
    "prescale": {
        "loc": [
            498.7680358886719,
            963.9939575195312,
            -306.85821533203125,
            0.0,
            483.2998962402344,
            -211.0826873779297,
            0.0,
            411.25048828125,
            66.06902313232422,
            0.0,
            415.48065185546875,
            -0.00022021139739081264,
            0.00022589461877942085
        ],
        "scale": [
            0.005080508999526501,
            0.0014948432799428701,
            0.006747571751475334,
            0.006834371481090784,
            0.001146601396612823,
            0.007594779599457979,
            0.007004689425230026,
            0.0013248438481241465,
            0.004304456990212202,
            0.007527930196374655,
            0.0014586372999474406,
            1.4140740633010864,
            1.4143450260162354
        ]
    },
    "tag": {
        "datapath": "/home/tombs/truth_ktdurham200_cut/liv_rot"
    }
}