{
    "ntest": 2000000,
    "log_r_test": -7.35029698262224,
    "quality": {
        "mean": -3.67514849131112e-06,
        "sdev": 3.1948197829478886e-06
    },
    "tag": {
        "datapath": "/r04/atlas/symmetries/data/truth_ktdurham200_cut/liv_3j_4j_p03",
        "with_flav": true,
        "with_hel": true
    }
}