{
    "ntest": 2000000,
    "log_r_test": 430.63529301434755,
    "quality": {
        "mean": 0.00021531764650717378,
        "sdev": 1.5629595509381033e-05
    },
    "tag": {
        "datapath": "/home/tombs/truth_ktdurham200_cut/liv_3j_4j_p14",
        "with_flav": true,
        "with_hel": false
    }
}