{
    "ntest": 2000000,
    "log_r_test": 33680.00686168671,
    "quality": {
        "mean": 0.016840003430843353,
        "sdev": 0.00012193522707093507
    },
    "tag": {
        "datapath": "/r04/atlas/symmetries/data/truth_ktdurham200_cut/liv_3j_4j_100",
        "with_flav": true,
        "with_hel": false
    }
}