{
    "ntest": 2000000,
    "log_r_test": -13.490620403899811,
    "quality": {
        "mean": -6.745310201949906e-06,
        "sdev": 2.915901632150053e-06
    },
    "tag": {
        "datapath": "/r04/atlas/symmetries/data/truth_ktdurham200_cut/liv_3j_4j_p05",
        "with_flav": false,
        "with_hel": false
    }
}