{
    "ntest": 2000000,
    "log_r_test": 288.9936149585992,
    "quality": {
        "mean": 0.0001444968074792996,
        "sdev": 1.3375283742789179e-05
    },
    "tag": {
        "datapath": "/r04/atlas/symmetries/data/truth_ktdurham200_cut/liv_3j_4j_p15",
        "with_flav": true,
        "with_hel": true
    }
}