{
    "ntrain": 6000000,
    "nval": 2000000,
    "log_r_val": 0.005609571918085976,
    "best_quality": {
        "mean": 2.804785959042988e-09,
        "sdev": 2.7151951798032314e-09
    },
    "zeta_func": "zeta_100_100_d_10",
    "batch_size": 10000,
    "nsteps_max": 100000,
    "nsteps_round": 1000,
    "early_stopping_rounds": 10,
    "learning_rate": 0.001,
    "seed": 123,
    "nsteps_performed": 13000,
    "prescale": {
        "loc": [
            486.576416015625,
            654.2059326171875,
            -292.9258117675781,
            0.0,
            -7.95676851272583,
            -190.91371154785156,
            0.0,
            6.229481220245361,
            -39.61383056640625,
            0.0,
            20.090057373046875,
            0.000505333358887583,
            0.00014899999951012433,
            0.00011300000187475234,
            0.00031092308927327394
        ],
        "scale": [
            0.005867773666977882,
            0.0016172097530215979,
            0.007640671916306019,
            0.005521136336028576,
            0.0013744336320087314,
            0.012054204009473324,
            0.005574019160121679,
            0.001634132582694292,
            0.004943666514009237,
            0.005958442110568285,
            0.0017929874593392015,
            0.9999899864196777,
            0.9999899864196777,
            0.9999899864196777,
            0.9999901056289673
        ]
    },
    "tag": {
        "datapath": "/home/tombs/truth_ktdurham200_cut/liv_3j_4j_p1",
        "with_flav": false,
        "with_hel": true
    }
}