{
    "ntrain": 6000000,
    "nval": 2000000,
    "log_r_val": 0.00126755239637788,
    "best_quality": {
        "mean": 6.3377619818894e-10,
        "sdev": 8.441932708436184e-10
    },
    "zeta_func": "zeta_100_100_d_10",
    "batch_size": 10000,
    "nsteps_max": 100000,
    "nsteps_round": 1000,
    "early_stopping_rounds": 10,
    "learning_rate": 0.001,
    "seed": 123,
    "nsteps_performed": 18000,
    "prescale": {
        "loc": [
            485.30810546875,
            651.6671752929688,
            -292.1524353027344,
            0.0,
            -9.180841445922852,
            -190.4001007080078,
            0.0,
            7.227040767669678,
            -41.192989349365234,
            0.0,
            20.794363021850586,
            -0.00010066666436614469,
            4.600000102072954e-05,
            -0.0007576666539534926,
            0.0005285910447128117
        ],
        "scale": [
            0.005915595218539238,
            0.0016225101426243782,
            0.00769459456205368,
            0.005511801224201918,
            0.0013779500732198358,
            0.01216946728527546,
            0.005563549231737852,
            0.001637873938307166,
            0.004977650940418243,
            0.005954856052994728,
            0.001792826340533793,
            0.9999899864196777,
            0.9999899864196777,
            0.9999899864196777,
            0.9999895095825195
        ]
    },
    "tag": {
        "datapath": "/home/tombs/truth_ktdurham200_cut/liv_3j_4j_p06",
        "with_flav": false,
        "with_hel": true
    }
}