{
    "ntest": 2000000,
    "log_r_test": 633.7254890240729,
    "quality": {
        "mean": 0.00031686274451203644,
        "sdev": 1.6818170479382388e-05
    },
    "tag": {
        "datapath": "/home/tombs/truth_ktdurham200_cut/liv_3j_4j_p5",
        "with_flav": false,
        "with_hel": false
    }
}