{
    "ntest": 2000000,
    "log_r_test": -17.717855371301994,
    "quality": {
        "mean": -8.858927685650997e-06,
        "sdev": 3.378216433702619e-06
    },
    "tag": {
        "datapath": "/r04/atlas/symmetries/data/truth_ktdurham200_cut/liv_3j_4j_p02",
        "with_flav": false,
        "with_hel": true
    }
}