{
    "ntest": 2000000,
    "log_r_test": 3651.6115069389343,
    "quality": {
        "mean": 0.0018258057534694672,
        "sdev": 4.3542702769627795e-05
    },
    "tag": {
        "datapath": "/r04/atlas/symmetries/data/truth_ktdurham200_cut/liv_3j_4j_1000",
        "with_flav": false,
        "with_hel": true
    }
}