{
    "ntest": 2000000,
    "log_r_test": 27285.35234928131,
    "quality": {
        "mean": 0.013642676174640656,
        "sdev": 0.0001090343575924635
    },
    "tag": {
        "datapath": "/r04/atlas/symmetries/data/truth_ktdurham200_cut/liv_3j_4j_p9",
        "with_flav": true,
        "with_hel": false
    }
}