{
    "ntrain": 5917018,
    "nval": 1979034,
    "log_r_val": 550.3833953511785,
    "best_quality": {
        "mean": 0.0002781070943456143,
        "sdev": 1.850578519224655e-05
    },
    "zeta_func": "zeta_100_100_d_10",
    "batch_size": 10000,
    "nsteps_max": 100000,
    "nsteps_round": 1000,
    "early_stopping_rounds": 10,
    "learning_rate": 0.001,
    "seed": 130,
    "nsteps_performed": 31000,
    "prescale": {
        "loc": [
            500.7664489746094,
            671.7618408203125,
            -288.1153564453125,
            0.0,
            -4.174380779266357,
            -172.68426513671875,
            0.0,
            -6.61453104019165,
            -20.528587341308594,
            0.0,
            11.560673713684082
        ],
        "scale": [
            0.005144154652953148,
            0.0016284625744447112,
            0.006055045872926712,
            0.005366223398596048,
            0.0013786109630018473,
            0.007914185523986816,
            0.0057098474353551865,
            0.0016476179007440805,
            0.00973415281623602,
            0.011429405771195889,
            0.003219662932679057
        ]
    },
    "tag": "/home/tombs/reco_ktdurham200/liv_3j_4j_p5"
}