{
    "ntest": 2000000,
    "log_r_test": -0.02942907784131421,
    "quality": {
        "mean": -1.4714538920657105e-08,
        "sdev": 4.828767032449832e-06
    },
    "tag": {
        "datapath": "/r04/atlas/symmetries/data/truth_ktdurham200_cut/liv_3j_4j_p2",
        "with_flav": false,
        "with_hel": false
    }
}