{
    "ntrain": 5000000,
    "nval": 1000000,
    "log_r_val": 0.06921571582552133,
    "best_quality": {
        "mean": 6.921571582552133e-08,
        "sdev": 1.218099612287915e-07
    },
    "zeta_func": "zeta_100_100_d_10",
    "batch_size": 10000,
    "nsteps_max": 100000,
    "nsteps_round": 1000,
    "early_stopping_rounds": 10,
    "learning_rate": 0.001,
    "seed": 152,
    "nsteps_performed": 11000,
    "prescale": {
        "loc": [
            444.3611755371094,
            637.3010864257812,
            -268.16802978515625,
            0.0,
            0.17432834208011627,
            -173.7407684326172,
            0.0,
            16.760433197021484,
            -40.55162811279297,
            0.0,
            21.686378479003906
        ],
        "scale": [
            0.006384252104908228,
            0.001596703426912427,
            0.008321146480739117,
            0.00599001906812191,
            0.0013250954216346145,
            0.013801423832774162,
            0.0060331677086651325,
            0.0015263162786141038,
            0.0055176992900669575,
            0.0064394776709377766,
            0.0016962887020781636
        ]
    },
    "tag": "/home/tombs/truth_ktdurham200/liv_3j_4j_p05"
}