{
    "ntest": 2000000,
    "log_r_test": -9.500871783529874,
    "quality": {
        "mean": -4.750435891764937e-06,
        "sdev": 3.105749556198134e-06
    },
    "tag": {
        "datapath": "/r04/atlas/symmetries/data/truth_ktdurham200_cut/liv_3j_4j_p09",
        "with_flav": false,
        "with_hel": false
    }
}