{
    "ntrain": 6000000,
    "nval": 2000000,
    "log_r_val": 0.0,
    "best_quality": {
        "mean": 0.0,
        "sdev": 0.0
    },
    "zeta_func": "zeta_100_100_d_10",
    "batch_size": 10000,
    "nsteps_max": 100000,
    "nsteps_round": 1000,
    "early_stopping_rounds": 10,
    "learning_rate": 0.001,
    "seed": 123,
    "nsteps_performed": 11000,
    "prescale": {
        "loc": [
            489.12713623046875,
            659.7066040039062,
            -294.5070495605469,
            0.0,
            -6.4931321144104,
            -191.93972778320312,
            0.0,
            5.667128086090088,
            -37.08342361450195,
            0.0,
            19.26567840576172
        ],
        "scale": [
            0.005779332015663385,
            0.0016082999063655734,
            0.007547627203166485,
            0.0055375476367771626,
            0.0013661404373124242,
            0.01181773655116558,
            0.005594153422862291,
            0.0016293745720759034,
            0.004873846657574177,
            0.005978255067020655,
            0.0017755706794559956
        ]
    },
    "tag": {
        "datapath": "/home/tombs/truth_ktdurham200_cut/liv_3j_4j_p15",
        "with_flav": false,
        "with_hel": false
    }
}