{
    "ntest": 2000000,
    "log_r_test": 11.709487807820551,
    "quality": {
        "mean": 5.8547439039102755e-06,
        "sdev": 5.405761385190999e-06
    },
    "tag": {
        "datapath": "/home/tombs/truth_ktdurham200_cut/liv_3j_4j_p11",
        "with_flav": true,
        "with_hel": true
    }
}