{
    "ntrain": 6000000,
    "nval": 2000000,
    "log_r_val": 0.0,
    "best_quality": {
        "mean": 0.0,
        "sdev": 0.0
    },
    "zeta_func": "zeta_100_100_d_10",
    "batch_size": 10000,
    "nsteps_max": 100000,
    "nsteps_round": 1000,
    "early_stopping_rounds": 10,
    "learning_rate": 0.001,
    "seed": 123,
    "nsteps_performed": 11000,
    "prescale": {
        "loc": [
            484.9783020019531,
            650.5424194335938,
            -291.9010009765625,
            0.0,
            -9.350242614746094,
            -190.22328186035156,
            0.0,
            7.7016754150390625,
            -42.28529357910156,
            0.0,
            19.35976791381836,
            1.3333333299669903e-06,
            0.00027533332468010485,
            0.0005929999751970172,
            2.648915369718452e-06
        ],
        "scale": [
            0.005934468004852533,
            0.0016226437874138355,
            0.007714638486504555,
            0.0055075655691325665,
            0.0013786599738523364,
            0.012207848019897938,
            0.005559577606618404,
            0.0016381812747567892,
            0.004992244765162468,
            0.005940315313637257,
            0.0018009630730375648,
            0.9999899864196777,
            0.9999899864196777,
            0.9999901056289673,
            0.9999899864196777
        ]
    },
    "tag": {
        "datapath": "/home/tombs/truth_ktdurham200_cut/liv_3j_4j_p04",
        "with_flav": false,
        "with_hel": true
    }
}