{
    "ntrain": 6000000,
    "nval": 2000000,
    "log_r_val": 1612.232532352209,
    "best_quality": {
        "mean": 0.0008061162661761045,
        "sdev": 2.782198498607613e-05
    },
    "zeta_func": "zeta_100_100_d_10",
    "batch_size": 10000,
    "nsteps_max": 100000,
    "nsteps_round": 1000,
    "early_stopping_rounds": 10,
    "learning_rate": 0.001,
    "seed": 134,
    "nsteps_performed": 46000,
    "prescale": {
        "loc": [
            501.4754638671875,
            733.8645629882812,
            -308.7431640625,
            0.0,
            13.273334503173828,
            -199.11964416503906,
            0.0,
            -27.127439498901367,
            22.318418502807617,
            0.0,
            7.581461429595947
        ],
        "scale": [
            0.004689532797783613,
            0.00147432170342654,
            0.006160542368888855,
            0.006293585058301687,
            0.0012329689925536513,
            0.00842947419732809,
            0.0064198230393230915,
            0.001426932867616415,
            0.004380413331091404,
            0.0068376511335372925,
            0.0015452452935278416
        ]
    },
    "tag": "/home/tombs/truth_ktdurham200/liv_3j_4j_p9"
}