{
    "ntest": 2000000,
    "log_r_test": -21.427904357551597,
    "quality": {
        "mean": -1.0713952178775799e-05,
        "sdev": 3.2242678571492434e-06
    },
    "tag": {
        "datapath": "/r04/atlas/symmetries/data/truth_ktdurham200_cut/liv_3j_4j_p07",
        "with_flav": true,
        "with_hel": false
    }
}