{
    "ntest": 2000000,
    "log_r_test": 39820.391684770584,
    "quality": {
        "mean": 0.019910195842385292,
        "sdev": 0.00012452667579054832
    },
    "tag": {
        "datapath": "/home/tombs/truth_ktdurham200_cut/liv_3j_4j_100",
        "with_flav": true,
        "with_hel": true
    }
}