{
    "ntrain": 6000000,
    "nval": 2000000,
    "log_r_val": 27166.40755534172,
    "best_quality": {
        "mean": 0.01358320377767086,
        "sdev": 0.00010491186549188569
    },
    "zeta_func": "zeta_100_100_d_10",
    "batch_size": 10000,
    "nsteps_max": 100000,
    "nsteps_round": 1000,
    "early_stopping_rounds": 10,
    "learning_rate": 0.001,
    "seed": 123,
    "nsteps_performed": 72000,
    "prescale": {
        "loc": [
            533.7632446289062,
            730.0675659179688,
            -325.78643798828125,
            0.0,
            3.5975067615509033,
            -212.28062438964844,
            0.0,
            -22.772438049316406,
            21.502666473388672,
            0.0,
            20.407569885253906,
            9.439845085144043,
            10.475367546081543,
            11.783134460449219,
            12.336139678955078,
            -0.00046333333011716604,
            -0.0004113333416171372,
            -0.000754333334043622,
            -0.0018833118956536055
        ],
        "scale": [
            0.004633050877600908,
            0.001513689523562789,
            0.006121006794273853,
            0.0058381520211696625,
            0.0012940395390614867,
            0.008370555005967617,
            0.005958097521215677,
            0.0015544641064479947,
            0.00408199243247509,
            0.006354774814099073,
            0.001680446439422667,
            0.10152531415224075,
            0.10046350955963135,
            0.09921740740537643,
            0.09970926493406296,
            0.9999899864196777,
            0.9999899864196777,
            0.9999899864196777,
            0.9999899864196777
        ]
    },
    "tag": {
        "datapath": "/home/tombs/truth_ktdurham200_cut/liv_3j_4j_p7",
        "with_flav": true,
        "with_hel": true
    }
}