{
    "ntest": 2000000,
    "log_r_test": 26569.86564397812,
    "quality": {
        "mean": 0.01328493282198906,
        "sdev": 0.00010488641419215128
    },
    "tag": {
        "datapath": "/home/tombs/truth_ktdurham200_cut/liv_3j_4j_p7",
        "with_flav": true,
        "with_hel": true
    }
}