{
    "ntest": 2000000,
    "log_r_test": -21.953939722152427,
    "quality": {
        "mean": -1.0976969861076213e-05,
        "sdev": 3.142352397844661e-06
    },
    "tag": {
        "datapath": "/r04/atlas/symmetries/data/truth_ktdurham200_cut/liv_3j_4j_p1",
        "with_flav": false,
        "with_hel": false
    }
}