{
    "ntrain": 6000000,
    "nval": 2000000,
    "log_r_val": 0.8854625548337935,
    "best_quality": {
        "mean": 4.4273127741689677e-07,
        "sdev": 1.290309228352271e-06
    },
    "zeta_func": "zeta_100_100_d_10",
    "batch_size": 10000,
    "nsteps_max": 100000,
    "nsteps_round": 1000,
    "early_stopping_rounds": 10,
    "learning_rate": 0.001,
    "seed": 123,
    "nsteps_performed": 22000,
    "prescale": {
        "loc": [
            484.4705810546875,
            650.1383666992188,
            -291.6047668457031,
            0.0,
            -9.919157028198242,
            -190.03854370117188,
            0.0,
            7.736196517944336,
            -42.500938415527344,
            0.0,
            22.531600952148438,
            12.811178207397461,
            14.542763710021973,
            15.615521430969238,
            16.190370559692383
        ],
        "scale": [
            0.005948073696345091,
            0.0016237959498539567,
            0.007722553797066212,
            0.0055055031552910805,
            0.0013791789533570409,
            0.012245679274201393,
            0.0055563622154295444,
            0.0016387916402891278,
            0.005003838799893856,
            0.005943192634731531,
            0.0018063690513372421,
            0.1027950868010521,
            0.10783586651086807,
            0.1097676008939743,
            0.11607017368078232
        ]
    },
    "tag": {
        "datapath": "/home/tombs/truth_ktdurham200_cut/liv_3j_4j_p01",
        "with_flav": true,
        "with_hel": false
    }
}