{
    "ntest": 2000000,
    "log_r_test": -1.1513402569107711,
    "quality": {
        "mean": -5.756701284553856e-07,
        "sdev": 1.3003653975829366e-06
    },
    "tag": {
        "datapath": "/home/tombs/truth_ktdurham200_cut/liv_3j_4j_p01",
        "with_flav": true,
        "with_hel": false
    }
}