{
    "ntest": 2000000,
    "log_r_test": -3.285267894170829,
    "quality": {
        "mean": -1.6426339470854145e-06,
        "sdev": 3.7558643271040637e-06
    },
    "tag": {
        "datapath": "/r04/atlas/symmetries/data/truth_ktdurham200_cut/liv_3j_4j_p17",
        "with_flav": false,
        "with_hel": true
    }
}