{
    "ntest": 2000000,
    "log_r_test": 830.155040603131,
    "quality": {
        "mean": 0.00041507752030156553,
        "sdev": 2.1378198653110303e-05
    },
    "tag": {
        "datapath": "/r04/atlas/symmetries/data/truth_ktdurham200_cut/liv_3j_4j_p7",
        "with_flav": false,
        "with_hel": false
    }
}