{
    "ntest": 2000000,
    "log_r_test": 1086.78312972188,
    "quality": {
        "mean": 0.00054339156486094,
        "sdev": 2.443406447127927e-05
    },
    "tag": {
        "datapath": "/r04/atlas/symmetries/data/truth_ktdurham200_cut/liv_3j_4j_p8",
        "with_flav": false,
        "with_hel": true
    }
}