{
    "ntrain": 6000000,
    "nval": 2000000,
    "log_r_val": 0.012770235535697338,
    "best_quality": {
        "mean": 6.385117767848669e-09,
        "sdev": 2.097604534512243e-09
    },
    "zeta_func": "zeta_100_100_d_10",
    "batch_size": 10000,
    "nsteps_max": 100000,
    "nsteps_round": 1000,
    "early_stopping_rounds": 10,
    "learning_rate": 0.001,
    "seed": 123,
    "nsteps_performed": 14000,
    "prescale": {
        "loc": [
            492.3092041015625,
            666.0664672851562,
            -296.45648193359375,
            0.0,
            -4.933517932891846,
            -193.3531036376953,
            0.0,
            2.77241849899292,
            -32.62617111206055,
            0.0,
            14.535399436950684,
            0.0003539999888744205,
            0.0003363333235029131,
            0.0006500000017695129,
            0.001682839123532176
        ],
        "scale": [
            0.005675502121448517,
            0.001599147799424827,
            0.00744160870090127,
            0.005560756660997868,
            0.001361812581308186,
            0.011521660722792149,
            0.005620491690933704,
            0.0016213824274018407,
            0.004791712388396263,
            0.005996643099933863,
            0.0017603532178327441,
            0.9999899864196777,
            0.9999899864196777,
            0.9999901056289673,
            0.9999905824661255
        ]
    },
    "tag": {
        "datapath": "/home/tombs/truth_ktdurham200_cut/liv_3j_4j_p2",
        "with_flav": false,
        "with_hel": true
    }
}