{
    "ntrain": 5000000,
    "nval": 1000000,
    "log_r_val": 4.208856353216106,
    "best_quality": {
        "mean": 4.208856353216106e-06,
        "sdev": 2.4835342173901154e-06
    },
    "zeta_func": "zeta_100_100_d_10",
    "batch_size": 10000,
    "nsteps_max": 100000,
    "nsteps_round": 1000,
    "early_stopping_rounds": 10,
    "learning_rate": 0.001,
    "seed": 146,
    "nsteps_performed": 31000,
    "prescale": {
        "loc": [
            447.1568908691406,
            644.4833984375,
            -269.8728332519531,
            0.0,
            2.309857130050659,
            -174.8134765625,
            0.0,
            15.208108901977539,
            -37.87106704711914,
            0.0,
            20.05887794494629
        ],
        "scale": [
            0.006264330819249153,
            0.0015852742362767458,
            0.00819816067814827,
            0.006011133082211018,
            0.0013179774396121502,
            0.013432220555841923,
            0.006057281978428364,
            0.0015189392725005746,
            0.0054270802065730095,
            0.006453762762248516,
            0.001677392516285181
        ]
    },
    "tag": "/home/tombs/truth_ktdurham200/liv_3j_4j_p14"
}