{
    "ntest": 2000000,
    "log_r_test": -16.995725673041306,
    "quality": {
        "mean": -8.497862836520653e-06,
        "sdev": 3.082530611209222e-06
    },
    "tag": {
        "datapath": "/r04/atlas/symmetries/data/truth_ktdurham200_cut/liv_3j_4j_p01",
        "with_flav": false,
        "with_hel": true
    }
}