{
    "ntest": 2000000,
    "log_r_test": -12.665272151934914,
    "quality": {
        "mean": -6.332636075967457e-06,
        "sdev": 2.976470796056674e-06
    },
    "tag": {
        "datapath": "/r04/atlas/symmetries/data/truth_ktdurham200_cut/liv_3j_4j_p05",
        "with_flav": true,
        "with_hel": false
    }
}