{
    "ntest": 2000000,
    "log_r_test": -7.703530172875617,
    "quality": {
        "mean": -3.851765086437808e-06,
        "sdev": 2.8944039058842463e-06
    },
    "tag": {
        "datapath": "/r04/atlas/symmetries/data/truth_ktdurham200_cut/liv_3j_4j_p12",
        "with_flav": false,
        "with_hel": false
    }
}