{
    "ntrain": 6000000,
    "nval": 2000000,
    "log_r_val": 34925.60237646103,
    "best_quality": {
        "mean": 0.017462801188230515,
        "sdev": 0.000115225586341694
    },
    "zeta_func": "zeta_100_100_d_10",
    "batch_size": 10000,
    "nsteps_max": 100000,
    "nsteps_round": 1000,
    "early_stopping_rounds": 10,
    "learning_rate": 0.001,
    "seed": 123,
    "nsteps_performed": 43000,
    "prescale": {
        "loc": [
            554.4212646484375,
            742.9754638671875,
            -344.3984375,
            0.0,
            -6.141672134399414,
            -224.39108276367188,
            0.0,
            -35.90105056762695,
            49.987518310546875,
            0.0,
            36.22003936767578,
            8.460241317749023,
            9.515030860900879,
            10.812222480773926,
            11.781726837158203,
            0.0005503333522938192,
            -0.000370666675735265,
            -0.00020866666454821825,
            -0.00016188879089895636
        ],
        "scale": [
            0.004229624290019274,
            0.0015054558170959353,
            0.005517279263585806,
            0.0059738983400166035,
            0.0012838253751397133,
            0.007098252419382334,
            0.006139395758509636,
            0.0015431120991706848,
            0.003877633949741721,
            0.00656536128371954,
            0.0016765289474278688,
            0.1024443507194519,
            0.0996185764670372,
            0.10006053745746613,
            0.09877732396125793,
            0.9999899864196777,
            0.9999899864196777,
            0.9999899864196777,
            0.9999899864196777
        ]
    },
    "tag": {
        "datapath": "/home/tombs/truth_ktdurham200_cut/liv_3j_4j_1",
        "with_flav": true,
        "with_hel": true
    }
}