{
    "ntest": 2000000,
    "log_r_test": -2.323946318938397,
    "quality": {
        "mean": -1.1619731594691984e-06,
        "sdev": 3.4040560876746895e-06
    },
    "tag": {
        "datapath": "/r04/atlas/symmetries/data/truth_ktdurham200_cut/liv_3j_4j_p15",
        "with_flav": false,
        "with_hel": false
    }
}