{
    "ntest": 2000000,
    "log_r_test": 1031.6711850464344,
    "quality": {
        "mean": 0.0005158355925232172,
        "sdev": 2.3857664928073063e-05
    },
    "tag": {
        "datapath": "/home/tombs/truth_ktdurham200_cut/liv_3j_4j_p7",
        "with_flav": false,
        "with_hel": false
    }
}