{
    "ntrain": 6000000,
    "nval": 2000000,
    "log_r_val": 1478.1899517402053,
    "best_quality": {
        "mean": 0.0007390949758701026,
        "sdev": 2.4922659576986916e-05
    },
    "zeta_func": "zeta_100_100_d_10",
    "batch_size": 10000,
    "nsteps_max": 100000,
    "nsteps_round": 1000,
    "early_stopping_rounds": 10,
    "learning_rate": 0.001,
    "seed": 123,
    "nsteps_performed": 28000,
    "prescale": {
        "loc": [
            491.6036682128906,
            664.5220947265625,
            -296.0412902832031,
            0.0,
            -4.72105598449707,
            -192.9743194580078,
            0.0,
            3.3661611080169678,
            -33.825439453125,
            0.0,
            15.577362060546875,
            12.237135887145996,
            13.854865074157715,
            14.98614501953125,
            15.291010856628418
        ],
        "scale": [
            0.005700253881514072,
            0.0016013442073017359,
            0.007461685687303543,
            0.0055552199482917786,
            0.0013623143313452601,
            0.01159122958779335,
            0.005612918175756931,
            0.0016237673116847873,
            0.004807695280760527,
            0.005994970444589853,
            0.0017660199664533138,
            0.1034684106707573,
            0.10270410776138306,
            0.1098860427737236,
            0.10975117236375809
        ]
    },
    "tag": {
        "datapath": "/home/tombs/truth_ktdurham200_cut/liv_3j_4j_p19",
        "with_flav": true,
        "with_hel": false
    }
}