{
    "ntest": 2000000,
    "log_r_test": 1028.429251164198,
    "quality": {
        "mean": 0.000514214625582099,
        "sdev": 2.291032978973817e-05
    },
    "tag": {
        "datapath": "/home/tombs/truth_ktdurham200_cut/liv_3j_4j_p7",
        "with_flav": false,
        "with_hel": true
    }
}