{
    "ntest": 2000000,
    "log_r_test": 125.09616499301046,
    "quality": {
        "mean": 6.254808249650523e-05,
        "sdev": 8.134348718158435e-06
    },
    "tag": {
        "datapath": "/r04/atlas/symmetries/data/truth_ktdurham200_cut/liv_3j_4j_p13",
        "with_flav": true,
        "with_hel": false
    }
}