{
    "ntrain": 5000000,
    "nval": 1000000,
    "log_r_val": 0.7461300697286788,
    "best_quality": {
        "mean": 7.461300697286788e-07,
        "sdev": 8.599826060162741e-07
    },
    "zeta_func": "zeta_100_100_d_10",
    "batch_size": 10000,
    "nsteps_max": 100000,
    "nsteps_round": 1000,
    "early_stopping_rounds": 10,
    "learning_rate": 0.001,
    "seed": 136,
    "nsteps_performed": 14000,
    "prescale": {
        "loc": [
            443.97174072265625,
            636.1070556640625,
            -267.91973876953125,
            0.0,
            -0.1653127372264862,
            -173.55552673339844,
            0.0,
            17.78400993347168,
            -41.64374542236328,
            0.0,
            25.61891746520996
        ],
        "scale": [
            0.0063979486003518105,
            0.0015999925090000033,
            0.008325458504259586,
            0.005990218836814165,
            0.0013276180252432823,
            0.013837193138897419,
            0.00603265268728137,
            0.001528242719359696,
            0.005540383048355579,
            0.006441083271056414,
            0.0016945950919762254
        ]
    },
    "tag": "/home/tombs/truth_ktdurham200/liv_3j_4j_p01"
}