{
    "ntest": 2000000,
    "log_r_test": 1.3449846392177278,
    "quality": {
        "mean": 6.724923196088639e-07,
        "sdev": 4.175869435130153e-06
    },
    "tag": {
        "datapath": "/r04/atlas/symmetries/data/truth_ktdurham200_cut/liv_3j_4j_p18",
        "with_flav": false,
        "with_hel": false
    }
}