{
    "ntest": 2000000,
    "log_r_test": -23.37815021746792,
    "quality": {
        "mean": -1.168907510873396e-05,
        "sdev": 2.965912472063792e-06
    },
    "tag": {
        "datapath": "/r04/atlas/symmetries/data/truth_ktdurham200_cut/liv_3j_4j_p07",
        "with_flav": false,
        "with_hel": false
    }
}