{
    "ntest": 2000000,
    "log_r_test": -11.215292033739388,
    "quality": {
        "mean": -5.607646016869694e-06,
        "sdev": 2.5243007257813588e-06
    },
    "tag": {
        "datapath": "/r04/atlas/symmetries/data/truth_ktdurham200_cut/liv_3j_4j_p06",
        "with_flav": false,
        "with_hel": true
    }
}