{
    "ntrain": 5000000,
    "nval": 1000000,
    "log_r_val": 0.37947231135149195,
    "best_quality": {
        "mean": 3.7947231135149195e-07,
        "sdev": 7.366711542999838e-07
    },
    "zeta_func": "zeta_100_100_d_10",
    "batch_size": 10000,
    "nsteps_max": 100000,
    "nsteps_round": 1000,
    "early_stopping_rounds": 10,
    "learning_rate": 0.001,
    "seed": 153,
    "nsteps_performed": 21000,
    "prescale": {
        "loc": [
            444.6195068359375,
            637.6203002929688,
            -268.3118591308594,
            0.0,
            0.5048635601997375,
            -173.85125732421875,
            0.0,
            16.861431121826172,
            -40.479698181152344,
            0.0,
            22.585342407226562
        ],
        "scale": [
            0.006365823559463024,
            0.0015977389412000775,
            0.008298768661916256,
            0.005992655176669359,
            0.0013248800532892346,
            0.013761334121227264,
            0.00603528693318367,
            0.001526792999356985,
            0.005508663598448038,
            0.006441447418183088,
            0.0016978314379230142
        ]
    },
    "tag": "/home/tombs/truth_ktdurham200/liv_3j_4j_p06"
}