{
    "ntest": 2000000,
    "log_r_test": 1.250768150384829,
    "quality": {
        "mean": 6.253840751924145e-07,
        "sdev": 4.678039658756461e-06
    },
    "tag": {
        "datapath": "/r04/atlas/symmetries/data/truth_ktdurham200_cut/liv_3j_4j_p2",
        "with_flav": false,
        "with_hel": true
    }
}