{
    "ntrain": 6093442,
    "nval": 2029640,
    "log_r_val": 306.1095226701582,
    "best_quality": {
        "mean": 0.000150819614646025,
        "sdev": 1.2891213373222854e-05
    },
    "zeta_func": "zeta_100_100_d_10",
    "batch_size": 10000,
    "nsteps_max": 100000,
    "nsteps_round": 1000,
    "early_stopping_rounds": 10,
    "learning_rate": 0.001,
    "seed": 129,
    "nsteps_performed": 21000,
    "prescale": {
        "loc": [
            493.4661865234375,
            657.8118286132812,
            -282.9663391113281,
            0.0,
            -4.224174499511719,
            -171.6039276123047,
            0.0,
            -1.5234607458114624,
            -20.18273162841797,
            0.0,
            12.325777053833008
        ],
        "scale": [
            0.005333323031663895,
            0.0016486209351569414,
            0.0062886793166399,
            0.0053433263674378395,
            0.0013972956221550703,
            0.008116275072097778,
            0.005683452822268009,
            0.0016686180606484413,
            0.009989877231419086,
            0.011645551770925522,
            0.0033009937033057213
        ]
    },
    "tag": "/home/tombs/reco_ktdurham200/liv_3j_4j_p4"
}