{
    "ntrain": 5000000,
    "nval": 1000000,
    "log_r_val": 0.10628706093029905,
    "best_quality": {
        "mean": 1.0628706093029905e-07,
        "sdev": 2.963777774311893e-07
    },
    "zeta_func": "zeta_100_100_d_10",
    "batch_size": 10000,
    "nsteps_max": 100000,
    "nsteps_round": 1000,
    "early_stopping_rounds": 10,
    "learning_rate": 0.001,
    "seed": 156,
    "nsteps_performed": 13000,
    "prescale": {
        "loc": [
            445.3523864746094,
            639.744384765625,
            -268.74591064453125,
            0.0,
            0.7634289264678955,
            -174.12547302246094,
            0.0,
            16.106029510498047,
            -39.96425247192383,
            0.0,
            21.76736068725586
        ],
        "scale": [
            0.006337055005133152,
            0.001593548571690917,
            0.008267433382570744,
            0.005996218882501125,
            0.0013237356906756759,
            0.013665210455656052,
            0.006041598040610552,
            0.0015228436095640063,
            0.005486613139510155,
            0.006448277272284031,
            0.0016884615179151297
        ]
    },
    "tag": "/home/tombs/truth_ktdurham200/liv_3j_4j_p09"
}