{
    "ntrain": 6000000,
    "nval": 2000000,
    "log_r_val": 1599.9983297660947,
    "best_quality": {
        "mean": 0.0007999991648830473,
        "sdev": 2.9062346584396437e-05
    },
    "zeta_func": "zeta_100_100_d_10",
    "batch_size": 10000,
    "nsteps_max": 100000,
    "nsteps_round": 1000,
    "early_stopping_rounds": 10,
    "learning_rate": 0.001,
    "seed": 123,
    "nsteps_performed": 38000,
    "prescale": {
        "loc": [
            547.949462890625,
            740.467041015625,
            -338.187255859375,
            0.0,
            -2.1106250286102295,
            -220.2367401123047,
            0.0,
            -32.48399353027344,
            40.94466018676758,
            0.0,
            30.4189395904541,
            0.000387999985832721,
            -0.0006513333064503968,
            0.00022733333753421903,
            0.0013684945879504085
        ],
        "scale": [
            0.004351378418505192,
            0.0015060638543218374,
            0.005701137240976095,
            0.005932958330959082,
            0.0012858030386269093,
            0.007467745337635279,
            0.006081560160964727,
            0.0015460330760106444,
            0.0039315554313361645,
            0.006490988656878471,
            0.0016739270649850368,
            0.9999899864196777,
            0.9999899864196777,
            0.9999899864196777,
            0.9999903440475464
        ]
    },
    "tag": {
        "datapath": "/home/tombs/truth_ktdurham200_cut/liv_3j_4j_p9",
        "with_flav": false,
        "with_hel": true
    }
}