{
    "ntest": 2000000,
    "log_r_test": 1502.768020145595,
    "quality": {
        "mean": 0.0007513840100727975,
        "sdev": 2.9073804398649372e-05
    },
    "tag": {
        "datapath": "/home/tombs/truth_ktdurham200_cut/liv_3j_4j_p9",
        "with_flav": false,
        "with_hel": true
    }
}