{
    "ntrain": 6000000,
    "nval": 2000000,
    "log_r_val": 0.1445574184799625,
    "best_quality": {
        "mean": 7.227870923998125e-08,
        "sdev": 6.016346532078387e-08
    },
    "zeta_func": "zeta_100_100_d_10",
    "batch_size": 10000,
    "nsteps_max": 100000,
    "nsteps_round": 1000,
    "early_stopping_rounds": 10,
    "learning_rate": 0.001,
    "seed": 123,
    "nsteps_performed": 16000,
    "prescale": {
        "loc": [
            484.421875,
            650.1975708007812,
            -291.5836181640625,
            0.0,
            -9.712303161621094,
            -190.07200622558594,
            0.0,
            7.4731879234313965,
            -41.894107818603516,
            0.0,
            20.83397102355957,
            0.0006356666563078761,
            2.300000051036477e-05,
            -1.1666666978271678e-05,
            0.0029671373777091503
        ],
        "scale": [
            0.005952080246061087,
            0.0016240490367636085,
            0.0077312723733484745,
            0.005507258698344231,
            0.0013797571882605553,
            0.012253395281732082,
            0.005558227654546499,
            0.0016388938529416919,
            0.004993775859475136,
            0.005947431083768606,
            0.0017997315153479576,
            0.9999899864196777,
            0.9999899864196777,
            0.9999899864196777,
            0.9999958276748657
        ]
    },
    "tag": {
        "datapath": "/home/tombs/truth_ktdurham200_cut/liv_3j_4j_p02",
        "with_flav": false,
        "with_hel": true
    }
}