{
    "ntest": 2000000,
    "log_r_test": 0.03451335572890457,
    "quality": {
        "mean": 1.7256677864452286e-08,
        "sdev": 5.998299457132816e-08
    },
    "tag": {
        "datapath": "/home/tombs/truth_ktdurham200_cut/liv_3j_4j_p02",
        "with_flav": false,
        "with_hel": true
    }
}