{
    "ntrain": 6000000,
    "nval": 2000000,
    "log_r_val": 759.0435561724007,
    "best_quality": {
        "mean": 0.00037952177808620036,
        "sdev": 2.0759460312547162e-05
    },
    "zeta_func": "zeta_100_100_d_10",
    "batch_size": 10000,
    "nsteps_max": 100000,
    "nsteps_round": 1000,
    "early_stopping_rounds": 10,
    "learning_rate": 0.001,
    "seed": 123,
    "nsteps_performed": 27000,
    "prescale": {
        "loc": [
            489.6616516113281,
            660.7459716796875,
            -294.8211364746094,
            0.0,
            -6.485637187957764,
            -192.24661254882812,
            0.0,
            4.6219024658203125,
            -35.878814697265625,
            0.0,
            17.066951751708984,
            12.388731956481934,
            14.043286323547363,
            15.153970718383789,
            15.529732704162598,
            -8.866666757967323e-05,
            0.000577666680328548,
            0.00032500000088475645,
            0.0017611683579161763
        ],
        "scale": [
            0.005764811299741268,
            0.0016068711411207914,
            0.007537482772022486,
            0.005540012381970882,
            0.001367579330690205,
            0.011760268360376358,
            0.005597206763923168,
            0.0016279603587463498,
            0.004858197178691626,
            0.005976032465696335,
            0.0017792489379644394,
            0.10362499207258224,
            0.1017150804400444,
            0.11059477180242538,
            0.11112181097269058,
            0.9999899864196777,
            0.9999899864196777,
            0.9999899864196777,
            0.9999914169311523
        ]
    },
    "tag": {
        "datapath": "/home/tombs/truth_ktdurham200_cut/liv_3j_4j_p16",
        "with_flav": true,
        "with_hel": true
    }
}