{
    "ntest": 2000000,
    "log_r_test": 739.5052234642208,
    "quality": {
        "mean": 0.0003697526117321104,
        "sdev": 2.0825325918849558e-05
    },
    "tag": {
        "datapath": "/home/tombs/truth_ktdurham200_cut/liv_3j_4j_p16",
        "with_flav": true,
        "with_hel": true
    }
}