{
    "ntest": 2000000,
    "log_r_test": -22.256957890931517,
    "quality": {
        "mean": -1.1128478945465758e-05,
        "sdev": 3.092196720899665e-06
    },
    "tag": {
        "datapath": "/r04/atlas/symmetries/data/truth_ktdurham200_cut/liv_3j_4j_p08",
        "with_flav": false,
        "with_hel": false
    }
}