{
    "ntrain": 6025569,
    "nval": 2012006,
    "log_r_val": 114.54079886090767,
    "best_quality": {
        "mean": 5.6928656704258174e-05,
        "sdev": 1.0188817213929724e-05
    },
    "zeta_func": "zeta_100_100_d_10",
    "batch_size": 10000,
    "nsteps_max": 100000,
    "nsteps_round": 1000,
    "early_stopping_rounds": 10,
    "learning_rate": 0.001,
    "seed": 128,
    "nsteps_performed": 31000,
    "prescale": {
        "loc": [
            486.90728759765625,
            642.4525756835938,
            -278.3974304199219,
            0.0,
            -5.05880880355835,
            -170.43214416503906,
            0.0,
            3.4823217391967773,
            -19.801786422729492,
            0.0,
            13.185647010803223
        ],
        "scale": [
            0.005515578668564558,
            0.001673694234341383,
            0.006501249503344297,
            0.0053202989511191845,
            0.0014181281439960003,
            0.00829695537686348,
            0.005656091496348381,
            0.001691692741587758,
            0.010236226953566074,
            0.01183987408876419,
            0.003379901871085167
        ]
    },
    "tag": "/home/tombs/reco_ktdurham200/liv_3j_4j_p3"
}