{
    "ntrain": 6000000,
    "nval": 2000000,
    "log_r_val": 0.0,
    "best_quality": {
        "mean": 0.0,
        "sdev": 0.0
    },
    "zeta_func": "zeta_100_100_d_10",
    "batch_size": 10000,
    "nsteps_max": 100000,
    "nsteps_round": 1000,
    "early_stopping_rounds": 10,
    "learning_rate": 0.001,
    "seed": 123,
    "nsteps_performed": 11000,
    "prescale": {
        "loc": [
            488.3619689941406,
            658.3761596679688,
            -294.0556945800781,
            0.0,
            -7.503490447998047,
            -191.6476593017578,
            0.0,
            5.212757110595703,
            -37.54042434692383,
            0.0,
            16.706850051879883
        ],
        "scale": [
            0.005806943401694298,
            0.0016100682551041245,
            0.007584049366414547,
            0.005533335730433464,
            0.0013697792310267687,
            0.011861308477818966,
            0.005587728228420019,
            0.0016293959924951196,
            0.0048917620442807674,
            0.005968105513602495,
            0.0017826283583417535
        ]
    },
    "tag": {
        "datapath": "/home/tombs/truth_ktdurham200_cut/liv_3j_4j_p14",
        "with_flav": false,
        "with_hel": false
    }
}