{
    "ntrain": 6000000,
    "nval": 2000000,
    "log_r_val": 0.0,
    "best_quality": {
        "mean": 0.0,
        "sdev": 0.0
    },
    "zeta_func": "zeta_100_100_d_10",
    "batch_size": 10000,
    "nsteps_max": 100000,
    "nsteps_round": 1000,
    "early_stopping_rounds": 10,
    "learning_rate": 0.001,
    "seed": 123,
    "nsteps_performed": 12000,
    "prescale": {
        "loc": [
            485.8490905761719,
            652.8155517578125,
            -292.466064453125,
            0.0,
            -8.354933738708496,
            -190.60108947753906,
            0.0,
            7.076876163482666,
            -40.90726852416992,
            0.0,
            18.716167449951172,
            0.0005639999872073531,
            0.0004926666733808815,
            0.0001943333336384967,
            -0.00021507215569727123
        ],
        "scale": [
            0.005894694477319717,
            0.001618946553207934,
            0.007669160608202219,
            0.005515156779438257,
            0.0013763454044237733,
            0.012122832238674164,
            0.005567708518356085,
            0.0016364154871553183,
            0.004962634295225143,
            0.0059518530033528805,
            0.001790692680515349,
            0.9999899864196777,
            0.9999899864196777,
            0.9999899864196777,
            0.9999899864196777
        ]
    },
    "tag": {
        "datapath": "/home/tombs/truth_ktdurham200_cut/liv_3j_4j_p08",
        "with_flav": false,
        "with_hel": true
    }
}