{
    "ntest": 2000000,
    "log_r_test": 37397.600710392,
    "quality": {
        "mean": 0.018698800355196,
        "sdev": 0.000122676050523296
    },
    "tag": {
        "datapath": "/home/tombs/truth_ktdurham200_cut/liv_3j_4j_100",
        "with_flav": true,
        "with_hel": false
    }
}