{
    "ntest": 2000000,
    "log_r_test": -6.9741945480927825,
    "quality": {
        "mean": -3.4870972740463912e-06,
        "sdev": 3.417028437979752e-06
    },
    "tag": {
        "datapath": "/r04/atlas/symmetries/data/truth_ktdurham200_cut/liv_3j_4j_p15",
        "with_flav": false,
        "with_hel": true
    }
}