{
    "ntest": 2000000,
    "log_r_test": 5434.160586446524,
    "quality": {
        "mean": 0.002717080293223262,
        "sdev": 5.2963299822295085e-05
    },
    "tag": {
        "datapath": "/home/tombs/truth_ktdurham200_cut/liv_3j_4j_p3",
        "with_flav": true,
        "with_hel": true
    }
}