{
    "ntest": 2000000,
    "log_r_test": 33892.836421728134,
    "quality": {
        "mean": 0.016946418210864067,
        "sdev": 0.00012221561337355524
    },
    "tag": {
        "datapath": "/r04/atlas/symmetries/data/truth_ktdurham200_cut/liv_3j_4j_10",
        "with_flav": true,
        "with_hel": false
    }
}