{
    "ntrain": 6466067,
    "nval": 2155554,
    "log_r_val": 939.0729959226446,
    "best_quality": {
        "mean": 0.00043565273517742753,
        "sdev": 2.0867475541308522e-05
    },
    "zeta_func": "zeta_100_100_d_10",
    "batch_size": 10000,
    "nsteps_max": 100000,
    "nsteps_round": 1000,
    "early_stopping_rounds": 10,
    "learning_rate": 0.001,
    "seed": 131,
    "nsteps_performed": 27000,
    "prescale": {
        "loc": [
            507.43536376953125,
            683.6104125976562,
            -293.190185546875,
            0.0,
            -5.475529193878174,
            -173.90708923339844,
            0.0,
            -12.283268928527832,
            -20.865453720092773,
            0.0,
            10.133341789245605
        ],
        "scale": [
            0.004981464706361294,
            0.0016132245073094964,
            0.005860134027898312,
            0.005389309022575617,
            0.0013623853446915746,
            0.007724092807620764,
            0.005737293511629105,
            0.001631890656426549,
            0.009469960816204548,
            0.01124380063265562,
            0.0031370348297059536
        ]
    },
    "tag": "/home/tombs/reco_ktdurham200/liv_3j_4j_p6"
}