{
    "ntest": 2155621,
    "log_r_test": 948.1568655837909,
    "quality": {
        "mean": 0.000439853232819587,
        "sdev": 2.0921437680954114e-05
    },
    "tag": {
        "datapath": "/home/tombs/reco_ktdurham200/liv_3j_4j_p6",
        "with_flav": false,
        "with_hel": false
    }
}