{
    "ntest": 2000000,
    "log_r_test": 24473.611265420914,
    "quality": {
        "mean": 0.012236805632710457,
        "sdev": 0.00010269937047269195
    },
    "tag": {
        "datapath": "/r04/atlas/symmetries/data/truth_ktdurham200_cut/liv_3j_4j_p8",
        "with_flav": true,
        "with_hel": true
    }
}