{
    "ntrain": 5000000,
    "nval": 1000000,
    "log_r_val": 7.376717348961392,
    "best_quality": {
        "mean": 7.376717348961392e-06,
        "sdev": 3.043439164684969e-06
    },
    "zeta_func": "zeta_100_100_d_10",
    "batch_size": 10000,
    "nsteps_max": 100000,
    "nsteps_round": 1000,
    "early_stopping_rounds": 10,
    "learning_rate": 0.001,
    "seed": 151,
    "nsteps_performed": 21000,
    "prescale": {
        "loc": [
            449.7138671875,
            650.8323364257812,
            -271.519775390625,
            0.0,
            5.341742038726807,
            -175.77137756347656,
            0.0,
            12.909507751464844,
            -35.18479537963867,
            0.0,
            17.033411026000977
        ],
        "scale": [
            0.0061550321988761425,
            0.0015758058289065957,
            0.008071907795965672,
            0.0060245683416724205,
            0.0013104341924190521,
            0.013143260963261127,
            0.006072827614843845,
            0.0015101475873962045,
            0.005346179008483887,
            0.00646718917414546,
            0.0016666492447257042
        ]
    },
    "tag": "/home/tombs/truth_ktdurham200/liv_3j_4j_p19"
}