{
    "ntest": 2000000,
    "log_r_test": 31499.68385696411,
    "quality": {
        "mean": 0.015749841928482056,
        "sdev": 0.00010930957068921998
    },
    "tag": {
        "datapath": "/home/tombs/truth_ktdurham200_cut/liv_3j_4j_p9",
        "with_flav": true,
        "with_hel": false
    }
}