{
    "ntest": 2000000,
    "log_r_test": 144.52022151090205,
    "quality": {
        "mean": 7.226011075545102e-05,
        "sdev": 8.698262718098704e-06
    },
    "tag": {
        "datapath": "/home/tombs/truth_ktdurham200_cut/liv_3j_4j_p12",
        "with_flav": true,
        "with_hel": true
    }
}