{
    "ntest": 2000000,
    "log_r_test": 1091.3965525105596,
    "quality": {
        "mean": 0.0005456982762552798,
        "sdev": 2.4751145247137174e-05
    },
    "tag": {
        "datapath": "/r04/atlas/symmetries/data/truth_ktdurham200_cut/liv_3j_4j_p8",
        "with_flav": false,
        "with_hel": false
    }
}