{
    "ntest": 2000000,
    "log_r_test": -24.748202122282237,
    "quality": {
        "mean": -1.2374101061141118e-05,
        "sdev": 3.260137418692466e-06
    },
    "tag": {
        "datapath": "/r04/atlas/symmetries/data/truth_ktdurham200_cut/liv_3j_4j_p04",
        "with_flav": false,
        "with_hel": false
    }
}