{
    "ntest": 2000000,
    "log_r_test": 1557.7805461362004,
    "quality": {
        "mean": 0.0007788902730681002,
        "sdev": 2.8027588996337727e-05
    },
    "tag": {
        "datapath": "/home/tombs/truth_ktdurham200_cut/liv_3j_4j_p2",
        "with_flav": true,
        "with_hel": true
    }
}