{
    "ntest": 2000000,
    "log_r_test": 8695.5102160573,
    "quality": {
        "mean": 0.00434775510802865,
        "sdev": 6.196233880473301e-05
    },
    "tag": {
        "datapath": "/r04/atlas/symmetries/data/truth_ktdurham200_cut/liv_3j_4j_p4",
        "with_flav": true,
        "with_hel": true
    }
}