{
    "ntrain": 6000000,
    "nval": 2000000,
    "log_r_val": 0.2691069767024601,
    "best_quality": {
        "mean": 1.3455348835123004e-07,
        "sdev": 2.855967693449202e-07
    },
    "zeta_func": "zeta_100_100_d_10",
    "batch_size": 10000,
    "nsteps_max": 100000,
    "nsteps_round": 1000,
    "early_stopping_rounds": 10,
    "learning_rate": 0.001,
    "seed": 126,
    "nsteps_performed": 14000,
    "prescale": {
        "loc": [
            445.2539367675781,
            639.7654418945312,
            -268.84783935546875,
            0.0,
            1.8232799768447876,
            -174.25099182128906,
            0.0,
            16.138835906982422,
            -39.60568618774414,
            0.0,
            23.18436050415039
        ],
        "scale": [
            0.006329086609184742,
            0.0015956617426127195,
            0.008265174925327301,
            0.006006117910146713,
            0.0013225184520706534,
            0.013644667342305183,
            0.006050600204616785,
            0.001524889376014471,
            0.005475583951920271,
            0.006449273321777582,
            0.0016871336847543716
        ]
    },
    "tag": "/home/tombs/truth_ktdurham200/liv_3j_4j_p1"
}