{
    "ntrain": 5000000,
    "nval": 1000000,
    "log_r_val": 1.1731235645129345,
    "best_quality": {
        "mean": 1.1731235645129345e-06,
        "sdev": 1.798923790374829e-06
    },
    "zeta_func": "zeta_100_100_d_10",
    "batch_size": 10000,
    "nsteps_max": 100000,
    "nsteps_round": 1000,
    "early_stopping_rounds": 10,
    "learning_rate": 0.001,
    "seed": 135,
    "nsteps_performed": 12000,
    "prescale": {
        "loc": [
            443.968505859375,
            636.3145751953125,
            -267.86102294921875,
            0.0,
            -0.7443837523460388,
            -173.64109802246094,
            0.0,
            17.403324127197266,
            -41.505767822265625,
            0.0,
            24.02800178527832
        ],
        "scale": [
            0.006391949485987425,
            0.0015969387022778392,
            0.0083238510414958,
            0.005990833509713411,
            0.0013260392006486654,
            0.013849588111042976,
            0.006033822428435087,
            0.0015269481809809804,
            0.005534390918910503,
            0.006439128424972296,
            0.0017036248464137316
        ]
    },
    "tag": "/home/tombs/truth_ktdurham200/liv_3j_4j_p001"
}