{
    "ntest": 2000000,
    "log_r_test": -20.754285287694074,
    "quality": {
        "mean": -1.0377142643847037e-05,
        "sdev": 3.083120418523322e-06
    },
    "tag": {
        "datapath": "/r04/atlas/symmetries/data/truth_ktdurham200_cut/liv_3j_4j_p01",
        "with_flav": true,
        "with_hel": true
    }
}