{
    "ntrain": 6000000,
    "nval": 2000000,
    "log_r_val": 5044.6642562747,
    "best_quality": {
        "mean": 0.00252233212813735,
        "sdev": 4.971112502971664e-05
    },
    "zeta_func": "zeta_100_100_d_10",
    "batch_size": 10000,
    "nsteps_max": 100000,
    "nsteps_round": 1000,
    "early_stopping_rounds": 10,
    "learning_rate": 0.001,
    "seed": 137,
    "nsteps_performed": 81000,
    "prescale": {
        "loc": [
            622.741943359375,
            688.56005859375,
            -450.36676025390625,
            0.0,
            -86.89111328125,
            -298.8231201171875,
            0.0,
            -78.12821197509766,
            125.41110229492188,
            0.0,
            101.6190414428711
        ],
        "scale": [
            0.003127983072772622,
            0.0016241001430898905,
            0.003965612500905991,
            0.00697090569883585,
            0.0013271041680127382,
            0.004347884561866522,
            0.0073583852499723434,
            0.0015469541540369391,
            0.0038552689366042614,
            0.007864149287343025,
            0.0016386336646974087
        ]
    },
    "tag": "/home/tombs/truth_ktdurham200/liv_3j_4j_1000"
}