{
    "ntrain": 6000000,
    "nval": 2000000,
    "log_r_val": 3929.135389626026,
    "best_quality": {
        "mean": 0.001964567694813013,
        "sdev": 4.404218270792626e-05
    },
    "zeta_func": "zeta_100_100_d_10",
    "batch_size": 10000,
    "nsteps_max": 100000,
    "nsteps_round": 1000,
    "early_stopping_rounds": 10,
    "learning_rate": 0.001,
    "seed": 123,
    "nsteps_performed": 49000,
    "prescale": {
        "loc": [
            633.249267578125,
            690.3358154296875,
            -455.8517761230469,
            0.0,
            -84.97769927978516,
            -304.54217529296875,
            0.0,
            -73.41325378417969,
            153.27963256835938,
            0.0,
            136.02377319335938,
            -0.0002163333265343681,
            0.00041666667675599456,
            -7.666666351724416e-05,
            -0.0001760307641234249
        ],
        "scale": [
            0.0031385309994220734,
            0.0016403659246861935,
            0.003980375360697508,
            0.006896222475916147,
            0.00135402986779809,
            0.0043911137618124485,
            0.007285401690751314,
            0.0016262184362858534,
            0.0036135734990239143,
            0.007662672083824873,
            0.0018238777993246913,
            0.9999899864196777,
            0.9999899864196777,
            0.9999899864196777,
            0.9999899864196777
        ]
    },
    "tag": {
        "datapath": "/home/tombs/truth_ktdurham200_cut/liv_3j_4j_10",
        "with_flav": false,
        "with_hel": true
    }
}