{
    "ntrain": 6000000,
    "nval": 2000000,
    "log_r_val": 290.9130125772208,
    "best_quality": {
        "mean": 0.0001454565062886104,
        "sdev": 1.2368577699817251e-05
    },
    "zeta_func": "zeta_100_100_d_10",
    "batch_size": 10000,
    "nsteps_max": 100000,
    "nsteps_round": 1000,
    "early_stopping_rounds": 10,
    "learning_rate": 0.001,
    "seed": 129,
    "nsteps_performed": 28000,
    "prescale": {
        "loc": [
            464.061767578125,
            683.4183959960938,
            -280.91717529296875,
            0.0,
            15.388337135314941,
            -181.66050720214844,
            0.0,
            2.0589404106140137,
            -19.66204833984375,
            0.0,
            6.5021281242370605
        ],
        "scale": [
            0.0056534018367528915,
            0.0015306667191907763,
            0.00748195918276906,
            0.006120351143181324,
            0.0012772416230291128,
            0.011601799167692661,
            0.006185461301356554,
            0.0014755359152331948,
            0.004980561323463917,
            0.00655668880790472,
            0.0016092213336378336
        ]
    },
    "tag": "/home/tombs/truth_ktdurham200/liv_3j_4j_p4"
}