{
    "ntest": 2000000,
    "log_r_test": -0.9077807021640183,
    "quality": {
        "mean": -4.5389035108200915e-07,
        "sdev": 3.257158141423133e-06
    },
    "tag": {
        "datapath": "/r04/atlas/symmetries/data/truth_ktdurham200_cut/liv_3j_4j_p14",
        "with_flav": false,
        "with_hel": true
    }
}