{
    "ntest": 2000000,
    "log_r_test": 5471.993237733841,
    "quality": {
        "mean": 0.0027359966188669205,
        "sdev": 5.0733557145576924e-05
    },
    "tag": {
        "datapath": "/home/tombs/truth_ktdurham200_cut/liv_3j_4j_p3",
        "with_flav": true,
        "with_hel": false
    }
}