{
    "ntest": 2000000,
    "log_r_test": -20.5295054911403,
    "quality": {
        "mean": -1.026475274557015e-05,
        "sdev": 4.898416136711603e-06
    },
    "tag": {
        "datapath": "/r04/atlas/symmetries/data/truth_ktdurham200_cut/liv_3j_4j_p19",
        "with_flav": false,
        "with_hel": false
    }
}