{
    "ntest": 2000000,
    "log_r_test": -18.915190594270825,
    "quality": {
        "mean": -9.457595297135413e-06,
        "sdev": 3.200208993803244e-06
    },
    "tag": {
        "datapath": "/r04/atlas/symmetries/data/truth_ktdurham200_cut/liv_3j_4j_p11",
        "with_flav": false,
        "with_hel": true
    }
}