{
    "ntrain": 5000000,
    "nval": 1000000,
    "log_r_val": 0.5536617209145334,
    "best_quality": {
        "mean": 5.536617209145334e-07,
        "sdev": 2.2909358676770353e-07
    },
    "zeta_func": "zeta_100_100_d_10",
    "batch_size": 10000,
    "nsteps_max": 100000,
    "nsteps_round": 1000,
    "early_stopping_rounds": 10,
    "learning_rate": 0.001,
    "seed": 141,
    "nsteps_performed": 30000,
    "prescale": {
        "loc": [
            444.08514404296875,
            635.9486694335938,
            -267.9518127441406,
            0.0,
            0.6191145181655884,
            -173.6783447265625,
            0.0,
            16.96745491027832,
            -41.15932083129883,
            0.0,
            23.013320922851562
        ],
        "scale": [
            0.006387324538081884,
            0.0016007572412490845,
            0.008319448679685593,
            0.005989748984575272,
            0.0013274207012727857,
            0.013822183012962341,
            0.006033035926520824,
            0.0015266657574102283,
            0.005532095208764076,
            0.006440869998186827,
            0.0016987801063805819
        ]
    },
    "tag": "/home/tombs/truth_ktdurham200/liv_3j_4j_p03"
}