{
    "ntest": 2000000,
    "log_r_test": -17.188696801895276,
    "quality": {
        "mean": -8.594348400947638e-06,
        "sdev": 3.0860094284435036e-06
    },
    "tag": {
        "datapath": "/r04/atlas/symmetries/data/truth_ktdurham200_cut/liv_3j_4j_p01",
        "with_flav": true,
        "with_hel": false
    }
}