{
    "ntest": 2000000,
    "log_r_test": -20.643727111746557,
    "quality": {
        "mean": -1.0321863555873279e-05,
        "sdev": 3.049382712561055e-06
    },
    "tag": {
        "datapath": "/r04/atlas/symmetries/data/truth_ktdurham200_cut/liv_3j_4j_p11",
        "with_flav": false,
        "with_hel": false
    }
}