{
    "ntest": 2000000,
    "log_r_test": 1035.9366424381733,
    "quality": {
        "mean": 0.0005179683212190866,
        "sdev": 2.2480786356027238e-05
    },
    "tag": {
        "datapath": "/r04/atlas/symmetries/data/truth_ktdurham200_cut/liv_3j_4j_p2",
        "with_flav": true,
        "with_hel": false
    }
}