{
    "ntrain": 5000000,
    "nval": 1000000,
    "log_r_val": 2.020007968894788,
    "best_quality": {
        "mean": 2.020007968894788e-06,
        "sdev": 1.2601350363183883e-06
    },
    "zeta_func": "zeta_100_100_d_10",
    "batch_size": 10000,
    "nsteps_max": 100000,
    "nsteps_round": 1000,
    "early_stopping_rounds": 10,
    "learning_rate": 0.001,
    "seed": 145,
    "nsteps_performed": 15000,
    "prescale": {
        "loc": [
            446.8586120605469,
            643.644287109375,
            -269.6493835449219,
            0.0,
            2.792820453643799,
            -174.72076416015625,
            0.0,
            15.205657958984375,
            -38.28937530517578,
            0.0,
            19.31748390197754
        ],
        "scale": [
            0.006275644991546869,
            0.0015872546937316656,
            0.008204014971852303,
            0.006006570067256689,
            0.0013184453127905726,
            0.013476891443133354,
            0.006052589509636164,
            0.001519547076895833,
            0.005436826031655073,
            0.0064530642703175545,
            0.001678857603110373
        ]
    },
    "tag": "/home/tombs/truth_ktdurham200/liv_3j_4j_p13"
}