lambda,xs_fb
0.0,216442.08968959996
0.1,230880.32408189998
0.2,258314.50431360002
0.3,324317.77623498
0.4,418523.92125908
0.5,532766.930877
0.6,754333.7014980001
0.7,980383.6441386001
0.8,1346933.1006285
0.9,1892196.9801240002
1.0,2589975.8629563497
