{
    "ntrain": 5980898,
    "nval": 1992503,
    "log_r_val": 1018.6047481262358,
    "best_quality": {
        "mean": 0.0005112186772748828,
        "sdev": 2.3279890228877775e-05
    },
    "zeta_func": "zeta_100_100_d_10",
    "batch_size": 10000,
    "nsteps_max": 100000,
    "nsteps_round": 1000,
    "early_stopping_rounds": 10,
    "learning_rate": 0.001,
    "seed": 132,
    "nsteps_performed": 26000,
    "prescale": {
        "loc": [
            514.869384765625,
            694.5381469726562,
            -298.5104064941406,
            0.0,
            -7.544118404388428,
            -174.62681579589844,
            0.0,
            -17.201000213623047,
            -21.251590728759766,
            0.0,
            9.526978492736816
        ],
        "scale": [
            0.00481201708316803,
            0.0015967461513355374,
            0.005648958031088114,
            0.005405208095908165,
            0.0013474998995661736,
            0.007526231463998556,
            0.005755298305302858,
            0.0016149558359757066,
            0.009220647625625134,
            0.011039848439395428,
            0.0030603560153394938
        ]
    },
    "tag": "/home/tombs/reco_ktdurham200/liv_3j_4j_p7"
}