{
    "ntest": 2000000,
    "log_r_test": -20.23068009293638,
    "quality": {
        "mean": -1.0115340046468191e-05,
        "sdev": 3.344330934851314e-06
    },
    "tag": {
        "datapath": "/r04/atlas/symmetries/data/truth_ktdurham200_cut/liv_3j_4j_p02",
        "with_flav": false,
        "with_hel": false
    }
}