{
    "ntest": 2000000,
    "log_r_test": -24.823111743899062,
    "quality": {
        "mean": -1.2411555871949531e-05,
        "sdev": 3.1979398045223206e-06
    },
    "tag": {
        "datapath": "/r04/atlas/symmetries/data/truth_ktdurham200_cut/liv_3j_4j_p04",
        "with_flav": true,
        "with_hel": false
    }
}