{
    "ntrain": 6000000,
    "nval": 2000000,
    "log_r_val": 0.5288350735099812,
    "best_quality": {
        "mean": 2.644175367549906e-07,
        "sdev": 1.9057509348385793e-07
    },
    "zeta_func": "zeta_100_100_d_10",
    "batch_size": 10000,
    "nsteps_max": 100000,
    "nsteps_round": 1000,
    "early_stopping_rounds": 10,
    "learning_rate": 0.001,
    "seed": 124,
    "nsteps_performed": 12000,
    "prescale": {
        "loc": [
            443.51617431640625,
            635.2947998046875,
            -267.7922668457031,
            0.0,
            -0.076838418841362,
            -173.58865356445312,
            0.0,
            17.732967376708984,
            -40.804134368896484,
            0.0,
            23.552114486694336
        ],
        "scale": [
            0.006406127009540796,
            0.0016020552720874548,
            0.008347908034920692,
            0.0059961858205497265,
            0.001328033278696239,
            0.013863886706531048,
            0.006039053667336702,
            0.0015309801092371345,
            0.005527422297745943,
            0.006446979008615017,
            0.0017036737408488989
        ]
    },
    "tag": "/home/tombs/truth_ktdurham200/sm_3j_4j"
}