{
    "ntest": 2000000,
    "log_r_test": 1118.828309699893,
    "quality": {
        "mean": 0.0005594141548499465,
        "sdev": 2.4684071831870824e-05
    },
    "tag": {
        "datapath": "/home/tombs/truth_ktdurham200_cut/liv_3j_4j_p18",
        "with_flav": true,
        "with_hel": false
    }
}