{
    "ntest": 2000000,
    "log_r_test": 0.01783955028145101,
    "quality": {
        "mean": 8.919775140725505e-09,
        "sdev": 5.455859319880574e-09
    },
    "tag": {
        "datapath": "/home/tombs/truth_ktdurham200_cut/liv_3j_4j_p15",
        "with_flav": false,
        "with_hel": true
    }
}