{
    "ntrain": 6000000,
    "nval": 2000000,
    "log_r_val": 1697.7795166894794,
    "best_quality": {
        "mean": 0.0008488897583447397,
        "sdev": 2.865453097911086e-05
    },
    "zeta_func": "zeta_100_100_d_10",
    "batch_size": 10000,
    "nsteps_max": 100000,
    "nsteps_round": 1000,
    "early_stopping_rounds": 10,
    "learning_rate": 0.001,
    "seed": 123,
    "nsteps_performed": 29000,
    "prescale": {
        "loc": [
            492.3092041015625,
            666.0664672851562,
            -296.45648193359375,
            0.0,
            -4.933517932891846,
            -193.3531036376953,
            0.0,
            2.77241849899292,
            -32.62617111206055,
            0.0,
            14.535399436950684,
            12.176972389221191,
            13.79224967956543,
            14.924227714538574,
            15.209939002990723
        ],
        "scale": [
            0.005675502121448517,
            0.001599147799424827,
            0.00744160870090127,
            0.005560756660997868,
            0.001361812581308186,
            0.011521660722792149,
            0.005620491690933704,
            0.0016213824274018407,
            0.004791712388396263,
            0.005996643099933863,
            0.0017603532178327441,
            0.10383889824151993,
            0.10271452367305756,
            0.1100882887840271,
            0.10910879820585251
        ]
    },
    "tag": {
        "datapath": "/home/tombs/truth_ktdurham200_cut/liv_3j_4j_p2",
        "with_flav": true,
        "with_hel": false
    }
}