{
    "ntest": 2000000,
    "log_r_test": 119.99149137409404,
    "quality": {
        "mean": 5.999574568704702e-05,
        "sdev": 7.69578036852181e-06
    },
    "tag": {
        "datapath": "/r04/atlas/symmetries/data/truth_ktdurham200_cut/liv_3j_4j_p13",
        "with_flav": true,
        "with_hel": true
    }
}