{
    "ntest": 2000000,
    "log_r_test": -14.36160528101027,
    "quality": {
        "mean": -7.180802640505135e-06,
        "sdev": 3.052181000384735e-06
    },
    "tag": {
        "datapath": "/r04/atlas/symmetries/data/truth_ktdurham200_cut/liv_3j_4j_p05",
        "with_flav": false,
        "with_hel": true
    }
}