{
    "ntest": 2000000,
    "log_r_test": 1290.3803726658225,
    "quality": {
        "mean": 0.0006451901863329113,
        "sdev": 2.6314601200283505e-05
    },
    "tag": {
        "datapath": "/r04/atlas/symmetries/data/truth_ktdurham200_cut/liv_3j_4j_p9",
        "with_flav": false,
        "with_hel": false
    }
}