{
    "ntest": 2000000,
    "log_r_test": 0.00578534598005831,
    "quality": {
        "mean": 2.8926729900291548e-09,
        "sdev": 5.038513606336892e-09
    },
    "tag": {
        "datapath": "/home/tombs/truth_ktdurham200_cut/liv_3j_4j_p04",
        "with_flav": true,
        "with_hel": true
    }
}