{
    "ntest": 2000000,
    "log_r_test": 37844.24439072609,
    "quality": {
        "mean": 0.018922122195363045,
        "sdev": 0.00012583300122059882
    },
    "tag": {
        "datapath": "/home/tombs/truth_ktdurham200_cut/liv_3j_4j_1000",
        "with_flav": true,
        "with_hel": false
    }
}