{
    "ntrain": 6000000,
    "nval": 2000000,
    "log_r_val": 2.320313342352165,
    "best_quality": {
        "mean": 1.1601566711760825e-06,
        "sdev": 1.4753679806744913e-06
    },
    "zeta_func": "zeta_100_100_d_10",
    "batch_size": 10000,
    "nsteps_max": 100000,
    "nsteps_round": 1000,
    "early_stopping_rounds": 10,
    "learning_rate": 0.001,
    "seed": 123,
    "nsteps_performed": 28000,
    "prescale": {
        "loc": [
            486.176513671875,
            653.5428466796875,
            -292.6796569824219,
            0.0,
            -8.80859661102295,
            -190.77430725097656,
            0.0,
            6.67370080947876,
            -40.02422332763672,
            0.0,
            18.533824920654297,
            12.675174713134766,
            14.386283874511719,
            15.461709022521973,
            15.95611572265625
        ],
        "scale": [
            0.005886476952582598,
            0.0016180091770365834,
            0.007659975439310074,
            0.005515626166015863,
            0.001375640626065433,
            0.012090524658560753,
            0.005569787230342627,
            0.0016349345678463578,
            0.004954411648213863,
            0.005948113743215799,
            0.0017873439937829971,
            0.10253669321537018,
            0.10781051963567734,
            0.10949961841106415,
            0.11420507729053497
        ]
    },
    "tag": {
        "datapath": "/home/tombs/truth_ktdurham200_cut/liv_3j_4j_p09",
        "with_flav": true,
        "with_hel": false
    }
}