{
    "ntest": 2000000,
    "log_r_test": -2.75114052783465,
    "quality": {
        "mean": -1.375570263917325e-06,
        "sdev": 1.4852629419692676e-06
    },
    "tag": {
        "datapath": "/home/tombs/truth_ktdurham200_cut/liv_3j_4j_p09",
        "with_flav": true,
        "with_hel": false
    }
}