{
    "ntest": 2000000,
    "log_r_test": 569.0716207027435,
    "quality": {
        "mean": 0.00028453581035137177,
        "sdev": 1.6620098904240876e-05
    },
    "tag": {
        "datapath": "/home/tombs/truth_ktdurham200_cut/liv_3j_4j_p15",
        "with_flav": true,
        "with_hel": false
    }
}