{
    "ntrain": 6890279,
    "nval": 2295760,
    "log_r_val": 2109.3813296267763,
    "best_quality": {
        "mean": 0.0009188161347992718,
        "sdev": 2.846617644536309e-05
    },
    "zeta_func": "zeta_100_100_d_10",
    "batch_size": 10000,
    "nsteps_max": 100000,
    "nsteps_round": 1000,
    "early_stopping_rounds": 10,
    "learning_rate": 0.001,
    "seed": 134,
    "nsteps_performed": 36000,
    "prescale": {
        "loc": [
            528.4692993164062,
            709.8538818359375,
            -308.67889404296875,
            0.0,
            -13.520454406738281,
            -176.98333740234375,
            0.0,
            -26.358415603637695,
            -21.93102264404297,
            0.0,
            7.709447383880615
        ],
        "scale": [
            0.004534673411399126,
            0.0015764584532007575,
            0.0052988845854997635,
            0.005438776686787605,
            0.0013266369933262467,
            0.007187790237367153,
            0.005799596663564444,
            0.0015953908441588283,
            0.008782568387687206,
            0.010695474222302437,
            0.002921927720308304
        ]
    },
    "tag": "/home/tombs/reco_ktdurham200/liv_3j_4j_p9"
}