{
    "ntest": 2296760,
    "log_r_test": 2163.0480872979388,
    "quality": {
        "mean": 0.0009417823748663068,
        "sdev": 2.8490527256508358e-05
    },
    "tag": {
        "datapath": "/home/tombs/reco_ktdurham200/liv_3j_4j_p9",
        "with_flav": false,
        "with_hel": false
    }
}