{
    "ntrain": 6000000,
    "nval": 2000000,
    "log_r_val": 553.3078801818192,
    "best_quality": {
        "mean": 0.0002766539400909096,
        "sdev": 1.81788836925989e-05
    },
    "zeta_func": "zeta_100_100_d_10",
    "batch_size": 10000,
    "nsteps_max": 100000,
    "nsteps_round": 1000,
    "early_stopping_rounds": 10,
    "learning_rate": 0.001,
    "seed": 130,
    "nsteps_performed": 45000,
    "prescale": {
        "loc": [
            471.7855529785156,
            698.5576782226562,
            -286.17608642578125,
            0.0,
            18.131010055541992,
            -184.98965454101562,
            0.0,
            -4.00976037979126,
            -10.081958770751953,
            0.0,
            5.572824001312256
        ],
        "scale": [
            0.005424782168120146,
            0.001510984729975462,
            0.007186851464211941,
            0.0061656092293560505,
            0.001262879348360002,
            0.010854537598788738,
            0.006242299452424049,
            0.0014602825976908207,
            0.004810157231986523,
            0.006618245039135218,
            0.0015913541428744793
        ]
    },
    "tag": "/home/tombs/truth_ktdurham200/liv_3j_4j_p5"
}