{
    "ntrain": 5000000,
    "nval": 1000000,
    "log_r_val": 0.0014823079430570374,
    "best_quality": {
        "mean": 1.4823079430570374e-09,
        "sdev": 1.5283547760702731e-09
    },
    "zeta_func": "zeta_100_100_d_10",
    "batch_size": 10000,
    "nsteps_max": 100000,
    "nsteps_round": 1000,
    "early_stopping_rounds": 10,
    "learning_rate": 0.001,
    "seed": 147,
    "nsteps_performed": 17000,
    "prescale": {
        "loc": [
            447.83441162109375,
            645.8824462890625,
            -270.2865295410156,
            0.0,
            3.204505443572998,
            -175.0692138671875,
            0.0,
            14.744511604309082,
            -37.63654327392578,
            0.0,
            19.369138717651367
        ],
        "scale": [
            0.006227793637663126,
            0.001583514385856688,
            0.008152510970830917,
            0.006014184094965458,
            0.0013153202598914504,
            0.013381202705204487,
            0.006060937885195017,
            0.0015167989768087864,
            0.005418937187641859,
            0.006452105939388275,
            0.0016739576822146773
        ]
    },
    "tag": "/home/tombs/truth_ktdurham200/liv_3j_4j_p15"
}