{
    "ntrain": 6000000,
    "nval": 2000000,
    "log_r_val": 1730.9486865997314,
    "best_quality": {
        "mean": 0.0008654743432998657,
        "sdev": 2.8527911126730032e-05
    },
    "zeta_func": "zeta_100_100_d_10",
    "batch_size": 10000,
    "nsteps_max": 100000,
    "nsteps_round": 1000,
    "early_stopping_rounds": 10,
    "learning_rate": 0.001,
    "seed": 125,
    "nsteps_performed": 46000,
    "prescale": {
        "loc": [
            508.4761962890625,
            737.5632934570312,
            -314.6787414550781,
            0.0,
            9.616024017333984,
            -203.0260467529297,
            0.0,
            -31.731698989868164,
            29.742870330810547,
            0.0,
            11.516425132751465
        ],
        "scale": [
            0.004546670243144035,
            0.001472790609113872,
            0.005948768928647041,
            0.006319209933280945,
            0.0012306595453992486,
            0.00797061063349247,
            0.0064590019173920155,
            0.0014237795257940888,
            0.0043119643814861774,
            0.0068923295475542545,
            0.0015422273427248001
        ]
    },
    "tag": "/home/tombs/truth_ktdurham200/liv_3j_4j_1"
}