{
    "ntrain": 6000000,
    "nval": 2000000,
    "log_r_val": 29589.01971578598,
    "best_quality": {
        "mean": 0.01479450985789299,
        "sdev": 0.0001092938837246038
    },
    "zeta_func": "zeta_100_100_d_10",
    "batch_size": 10000,
    "nsteps_max": 100000,
    "nsteps_round": 1000,
    "early_stopping_rounds": 10,
    "learning_rate": 0.001,
    "seed": 123,
    "nsteps_performed": 51000,
    "prescale": {
        "loc": [
            541.1647338867188,
            735.8214111328125,
            -332.0470275878906,
            0.0,
            1.0825796127319336,
            -216.34634399414062,
            0.0,
            -27.697349548339844,
            31.787084579467773,
            0.0,
            26.316434860229492,
            9.06039047241211,
            10.09493350982666,
            11.377581596374512,
            12.093469619750977
        ],
        "scale": [
            0.004483799450099468,
            0.0015093673719093204,
            0.005904895719140768,
            0.005885998718440533,
            0.0012882968876510859,
            0.007898746058344841,
            0.006022170186042786,
            0.001549418899230659,
            0.0040010493248701096,
            0.00642975652590394,
            0.0016805120976641774,
            0.10163670033216476,
            0.09793096035718918,
            0.09953532367944717,
            0.0990377739071846
        ]
    },
    "tag": {
        "datapath": "/home/tombs/truth_ktdurham200_cut/liv_3j_4j_p8",
        "with_flav": true,
        "with_hel": false
    }
}