{
    "ntest": 2000000,
    "log_r_test": 28937.18332052231,
    "quality": {
        "mean": 0.014468591660261154,
        "sdev": 0.00010925138485617936
    },
    "tag": {
        "datapath": "/home/tombs/truth_ktdurham200_cut/liv_3j_4j_p8",
        "with_flav": true,
        "with_hel": false
    }
}