{
    "ntrain": 6000000,
    "nval": 2000000,
    "log_r_val": 137.34887761529535,
    "best_quality": {
        "mean": 6.867443880764768e-05,
        "sdev": 9.517591024632566e-06
    },
    "zeta_func": "zeta_100_100_d_10",
    "batch_size": 10000,
    "nsteps_max": 100000,
    "nsteps_round": 1000,
    "early_stopping_rounds": 10,
    "learning_rate": 0.001,
    "seed": 123,
    "nsteps_performed": 29000,
    "prescale": {
        "loc": [
            487.1537170410156,
            655.1244506835938,
            -293.2392578125,
            0.0,
            -7.720848083496094,
            -191.1812744140625,
            0.0,
            6.061850070953369,
            -39.536746978759766,
            0.0,
            17.211328506469727,
            12.607142448425293,
            14.298192977905273,
            15.389824867248535,
            15.883646965026855
        ],
        "scale": [
            0.005853507202118635,
            0.0016157872742041945,
            0.007627055514603853,
            0.005522153340280056,
            0.001371886464767158,
            0.012005504220724106,
            0.00557643361389637,
            0.0016330447979271412,
            0.0049238731153309345,
            0.005965246353298426,
            0.0017905052518472075,
            0.10259491205215454,
            0.10760754346847534,
            0.11003527790307999,
            0.11377422511577606
        ]
    },
    "tag": {
        "datapath": "/home/tombs/truth_ktdurham200_cut/liv_3j_4j_p11",
        "with_flav": true,
        "with_hel": false
    }
}