{
    "ntest": 2000000,
    "log_r_test": 89.45843001129106,
    "quality": {
        "mean": 4.472921500564553e-05,
        "sdev": 9.466151823289692e-06
    },
    "tag": {
        "datapath": "/home/tombs/truth_ktdurham200_cut/liv_3j_4j_p11",
        "with_flav": true,
        "with_hel": false
    }
}