{
    "ntest": 2000000,
    "log_r_test": 11043.691076338291,
    "quality": {
        "mean": 0.005521845538169146,
        "sdev": 6.782172567909583e-05
    },
    "tag": {
        "datapath": "/home/tombs/truth_ktdurham200_cut/liv_3j_4j_p4",
        "with_flav": true,
        "with_hel": true
    }
}