{
    "ntest": 2000000,
    "log_r_test": -4.4538119254866615,
    "quality": {
        "mean": -2.2269059627433307e-06,
        "sdev": 3.6092069422011264e-06
    },
    "tag": {
        "datapath": "/r04/atlas/symmetries/data/truth_ktdurham200_cut/liv_3j_4j_p08",
        "with_flav": true,
        "with_hel": true
    }
}