{
    "ntrain": 6000000,
    "nval": 2000000,
    "log_r_val": 153.37939839810133,
    "best_quality": {
        "mean": 7.668969919905066e-05,
        "sdev": 8.91074614628451e-06
    },
    "zeta_func": "zeta_100_100_d_10",
    "batch_size": 10000,
    "nsteps_max": 100000,
    "nsteps_round": 1000,
    "early_stopping_rounds": 10,
    "learning_rate": 0.001,
    "seed": 123,
    "nsteps_performed": 23000,
    "prescale": {
        "loc": [
            500.0810241699219,
            681.6178588867188,
            -301.4077453613281,
            0.0,
            -0.5118381381034851,
            -196.57879638671875,
            0.0,
            -1.1480799913406372,
            -23.281269073486328,
            0.0,
            10.92734146118164
        ],
        "scale": [
            0.0054361531510949135,
            0.0015750486636534333,
            0.007166116498410702,
            0.005614712368696928,
            0.0013442712370306253,
            0.010846225544810295,
            0.005683398339897394,
            0.0016044137300923467,
            0.004616107326000929,
            0.006056489422917366,
            0.0017377908807247877
        ]
    },
    "tag": {
        "datapath": "/home/tombs/truth_ktdurham200_cut/liv_3j_4j_p3",
        "with_flav": false,
        "with_hel": false
    }
}