{
    "ntest": 2000000,
    "log_r_test": 106.23253183439374,
    "quality": {
        "mean": 5.311626591719687e-05,
        "sdev": 8.912913472158834e-06
    },
    "tag": {
        "datapath": "/home/tombs/truth_ktdurham200_cut/liv_3j_4j_p3",
        "with_flav": false,
        "with_hel": false
    }
}