{
    "ntest": 2000000,
    "log_r_test": 24756.381288170815,
    "quality": {
        "mean": 0.012378190644085407,
        "sdev": 0.00010386376379756257
    },
    "tag": {
        "datapath": "/r04/atlas/symmetries/data/truth_ktdurham200_cut/liv_3j_4j_p8",
        "with_flav": true,
        "with_hel": false
    }
}