{
    "ntrain": 6000000,
    "nval": 2000000,
    "log_r_val": 0.0,
    "best_quality": {
        "mean": 0.0,
        "sdev": 0.0
    },
    "zeta_func": "zeta_100_100_d_10",
    "batch_size": 10000,
    "nsteps_max": 100000,
    "nsteps_round": 1000,
    "early_stopping_rounds": 10,
    "learning_rate": 0.001,
    "seed": 123,
    "nsteps_performed": 11000,
    "prescale": {
        "loc": [
            484.93798828125,
            651.0718383789062,
            -291.9189758300781,
            0.0,
            -9.561301231384277,
            -190.24769592285156,
            0.0,
            7.357378005981445,
            -41.442508697509766,
            0.0,
            19.433387756347656,
            12.775540351867676,
            14.495774269104004,
            15.563905715942383,
            16.13851547241211
        ],
        "scale": [
            0.005933226086199284,
            0.0016220674151554704,
            0.007716103456914425,
            0.005506647750735283,
            0.0013781883753836155,
            0.012208392843604088,
            0.005558164324611425,
            0.0016377995489165187,
            0.0049846661277115345,
            0.005945590790361166,
            0.0017980444245040417,
            0.10276111215353012,
            0.10754822939634323,
            0.10986731946468353,
            0.11563487350940704
        ]
    },
    "tag": {
        "datapath": "/home/tombs/truth_ktdurham200_cut/liv_3j_4j_p05",
        "with_flav": true,
        "with_hel": false
    }
}