{
    "ntrain": 6000000,
    "nval": 2000000,
    "log_r_val": 750.4393579438329,
    "best_quality": {
        "mean": 0.00037521967897191644,
        "sdev": 1.9986127881566063e-05
    },
    "zeta_func": "zeta_100_100_d_10",
    "batch_size": 10000,
    "nsteps_max": 100000,
    "nsteps_round": 1000,
    "early_stopping_rounds": 10,
    "learning_rate": 0.001,
    "seed": 131,
    "nsteps_performed": 34000,
    "prescale": {
        "loc": [
            479.4066467285156,
            710.5603637695312,
            -291.5856628417969,
            0.0,
            18.829978942871094,
            -188.32388305664062,
            0.0,
            -10.18588638305664,
            -1.402263879776001,
            0.0,
            3.3731894493103027
        ],
        "scale": [
            0.005214792210608721,
            0.0014957539970055223,
            0.006904192268848419,
            0.0062022740021348,
            0.0012508821673691273,
            0.010148935951292515,
            0.006290890742093325,
            0.0014493596972897649,
            0.00467258645221591,
            0.006674095522612333,
            0.001572654233314097
        ]
    },
    "tag": "/home/tombs/truth_ktdurham200/liv_3j_4j_p6"
}