{
    "ntrain": 5000000,
    "nval": 1000000,
    "log_r_val": 4.354172688181279,
    "best_quality": {
        "mean": 4.354172688181279e-06,
        "sdev": 3.4846345897676656e-06
    },
    "zeta_func": "zeta_100_100_d_10",
    "batch_size": 10000,
    "nsteps_max": 100000,
    "nsteps_round": 1000,
    "early_stopping_rounds": 10,
    "learning_rate": 0.001,
    "seed": 150,
    "nsteps_performed": 25000,
    "prescale": {
        "loc": [
            449.296142578125,
            649.44482421875,
            -271.270263671875,
            0.0,
            4.15488862991333,
            -175.61300659179688,
            0.0,
            13.078380584716797,
            -35.72409439086914,
            0.0,
            17.20479393005371
        ],
        "scale": [
            0.006172334309667349,
            0.001578552066348493,
            0.008091059513390064,
            0.006023088004440069,
            0.0013115733163431287,
            0.013190913945436478,
            0.006070843432098627,
            0.0015136913862079382,
            0.005360148847103119,
            0.006466269958764315,
            0.00166645972058177
        ]
    },
    "tag": "/home/tombs/truth_ktdurham200/liv_3j_4j_p18"
}