{
    "ntest": 2000000,
    "log_r_test": -19.327833797433414,
    "quality": {
        "mean": -9.663916898716707e-06,
        "sdev": 3.1302681691158796e-06
    },
    "tag": {
        "datapath": "/r04/atlas/symmetries/data/truth_ktdurham200_cut/liv_3j_4j_p1",
        "with_flav": false,
        "with_hel": true
    }
}