{
    "ntrain": 6000000,
    "nval": 2000000,
    "log_r_val": 22467.66909956932,
    "best_quality": {
        "mean": 0.01123383454978466,
        "sdev": 9.45896899793297e-05
    },
    "zeta_func": "zeta_100_100_d_10",
    "batch_size": 10000,
    "nsteps_max": 100000,
    "nsteps_round": 1000,
    "early_stopping_rounds": 10,
    "learning_rate": 0.001,
    "seed": 123,
    "nsteps_performed": 71000,
    "prescale": {
        "loc": [
            525.773681640625,
            721.4157104492188,
            -319.5384826660156,
            0.0,
            5.49812126159668,
            -208.21018981933594,
            0.0,
            -17.77396583557129,
            10.5691556930542,
            0.0,
            16.259754180908203,
            9.874483108520508,
            10.944199562072754,
            12.292055130004883,
            12.649435043334961,
            0.0005469999741762877,
            -0.0009276666678488255,
            -0.0006096666911616921,
            0.001861073076725006
        ],
        "scale": [
            0.004804878029972315,
            0.0015226714313030243,
            0.006356779020279646,
            0.00578882684931159,
            0.0013030852423980832,
            0.008899791166186333,
            0.005894654430449009,
            0.0015638694167137146,
            0.004174680449068546,
            0.006281363777816296,
            0.0016846955986693501,
            0.09983404725790024,
            0.10016679018735886,
            0.10214840620756149,
            0.09993327409029007,
            0.9999899864196777,
            0.9999899864196777,
            0.9999899864196777,
            0.9999898672103882
        ]
    },
    "tag": {
        "datapath": "/home/tombs/truth_ktdurham200_cut/liv_3j_4j_p6",
        "with_flav": true,
        "with_hel": true
    }
}