{
    "ntest": 2000000,
    "log_r_test": 22358.814254403114,
    "quality": {
        "mean": 0.011179407127201557,
        "sdev": 9.472751116845757e-05
    },
    "tag": {
        "datapath": "/home/tombs/truth_ktdurham200_cut/liv_3j_4j_p6",
        "with_flav": true,
        "with_hel": true
    }
}