{
    "ntest": 2000000,
    "log_r_test": 933.1440669484437,
    "quality": {
        "mean": 0.0004665720334742218,
        "sdev": 2.1239518900983967e-05
    },
    "tag": {
        "datapath": "/home/tombs/truth_ktdurham200_cut/liv_3j_4j_p17",
        "with_flav": true,
        "with_hel": true
    }
}