{
    "ntrain": 5000000,
    "nval": 1000000,
    "log_r_val": 0.1807136555953548,
    "best_quality": {
        "mean": 1.807136555953548e-07,
        "sdev": 6.029621886227687e-07
    },
    "zeta_func": "zeta_100_100_d_10",
    "batch_size": 10000,
    "nsteps_max": 100000,
    "nsteps_round": 1000,
    "early_stopping_rounds": 10,
    "learning_rate": 0.001,
    "seed": 143,
    "nsteps_performed": 24000,
    "prescale": {
        "loc": [
            446.0977783203125,
            641.3540649414062,
            -269.1705627441406,
            0.0,
            2.0761842727661133,
            -174.43788146972656,
            0.0,
            15.713373184204102,
            -39.396907806396484,
            0.0,
            18.913936614990234
        ],
        "scale": [
            0.006306744646281004,
            0.001590467756614089,
            0.008237277157604694,
            0.0060017891228199005,
            0.0013201290275901556,
            0.013584988191723824,
            0.0060475533828139305,
            0.001521078054793179,
            0.005460002925246954,
            0.006449589971452951,
            0.0016839810414239764
        ]
    },
    "tag": "/home/tombs/truth_ktdurham200/liv_3j_4j_p11"
}