{
    "ntest": 2000000,
    "log_r_test": -25.888071832014248,
    "quality": {
        "mean": -1.2944035916007124e-05,
        "sdev": 3.0055171009735204e-06
    },
    "tag": {
        "datapath": "/r04/atlas/symmetries/data/truth_ktdurham200_cut/sm_3j_4j",
        "with_flav": false,
        "with_hel": true
    }
}