{
    "ntrain": 6000000,
    "nval": 2000000,
    "log_r_val": 0.0,
    "best_quality": {
        "mean": 0.0,
        "sdev": 0.0
    },
    "zeta_func": "zeta_100_100_d_10",
    "batch_size": 10000,
    "nsteps_max": 100000,
    "nsteps_round": 1000,
    "early_stopping_rounds": 10,
    "learning_rate": 0.001,
    "seed": 123,
    "nsteps_performed": 11000,
    "prescale": {
        "loc": [
            488.02227783203125,
            657.308837890625,
            -293.8528747558594,
            0.0,
            -6.817481994628906,
            -191.53878784179688,
            0.0,
            5.578348159790039,
            -38.26316452026367,
            0.0,
            17.24268913269043
        ],
        "scale": [
            0.005819373298436403,
            0.0016125681577250361,
            0.007591462228447199,
            0.005527399014681578,
            0.0013709764461964369,
            0.011910599656403065,
            0.005583455786108971,
            0.0016309561906382442,
            0.004902530461549759,
            0.00596819631755352,
            0.0017840913496911526
        ]
    },
    "tag": {
        "datapath": "/home/tombs/truth_ktdurham200_cut/liv_3j_4j_p13",
        "with_flav": false,
        "with_hel": false
    }
}