{
    "ntest": 2000000,
    "log_r_test": -20.505854990915395,
    "quality": {
        "mean": -1.0252927495457698e-05,
        "sdev": 3.239724492232199e-06
    },
    "tag": {
        "datapath": "/r04/atlas/symmetries/data/truth_ktdurham200_cut/liv_3j_4j_p04",
        "with_flav": false,
        "with_hel": true
    }
}