{
    "ntest": 2000000,
    "log_r_test": -17.359363482682966,
    "quality": {
        "mean": -8.679681741341483e-06,
        "sdev": 3.476994379525422e-06
    },
    "tag": {
        "datapath": "/r04/atlas/symmetries/data/truth_ktdurham200_cut/liv_3j_4j_p02",
        "with_flav": true,
        "with_hel": false
    }
}